Fecha,Cash_Total_USD,Total_Safe_Valuation,Total_Growth_Valuation,Patrimonio_USD
2023-01-10,202.21841363203066,0.0,62.32272267928499,264.54113631131565
2023-01-11,200.36368676245627,0.0,61.75110496029408,262.11479172275034
2023-01-12,100.97767518126739,0.0,155.84961080287349,256.8272859841409
2023-01-13,18.154246502566107,0.0,207.29519650171017,225.44944300427628
2023-01-14,18.154246502566107,0.0,207.29519650171017,225.44944300427628
2023-01-15,18.154246502566107,0.0,207.29519650171017,225.44944300427628
2023-01-16,18.154246502566107,0.0,207.29519650171017,225.44944300427628
2023-01-17,17.703897175342355,0.0,205.44490424843826,223.1488014237806
2023-01-18,17.971070837060136,0.0,201.23024892425082,219.20131976131094
2023-01-19,18.006485057053677,0.0,202.64187920074565,220.64836425779933
2023-01-20,17.633977903970855,0.0,204.97359256032234,222.6075704642932
2023-01-21,17.633977903970855,0.0,204.97359256032234,222.6075704642932
2023-01-22,17.633977903970855,0.0,204.97359256032234,222.6075704642932
2023-01-23,17.553952232518512,0.0,205.55709620735,223.1110484398685
2023-01-24,17.785627313307007,0.0,207.8921480099159,225.6777753232229
2023-01-25,0.18147376830266074,0.0,152.35141765771397,152.53289142601662
2023-01-26,0.17844500642559477,0.0,153.30201886266093,153.48046386908652
2023-01-27,0.1766385996407907,0.0,152.5513020864653,152.7279406861061
2023-01-28,0.1766385996407907,0.0,152.5513020864653,152.7279406861061
2023-01-29,0.1766385996407907,0.0,152.5513020864653,152.7279406861061
2023-01-30,0.17770148204931516,0.0,150.68517721664284,150.86287869869216
2023-01-31,0.18003193249843227,0.0,155.47305870747385,155.65309063997228
2023-02-01,0.00045220622864897673,0.0,81.32643440083277,81.32688660706141
2023-02-02,0.0004508327966762734,0.0,88.01232690689888,88.01277773969555
2023-02-03,0.0004466255830218097,0.0,84.68138446505402,84.68183109063705
2023-02-04,83.74274344217233,0.0,84.68138446505402,168.42412790722636
2023-02-05,83.74274344217233,0.0,84.68138446505402,168.42412790722636
2023-02-06,86.10768972806125,0.0,85.58161685885048,171.68930658691173
2023-02-07,84.93240645162334,0.0,86.65900454375506,171.5914109953784
2023-02-08,84.73723445540878,0.0,85.69836577156867,170.43560022697744
2023-02-09,83.50285884449315,0.0,83.62066924374797,167.12352808824113
2023-02-10,10.58259611538812,0.0,148.3784597856543,158.9610559010424
2023-02-11,10.58259611538812,0.0,148.3784597856543,158.9610559010424
2023-02-12,10.58259611538812,0.0,148.3784597856543,158.9610559010424
2023-02-13,10.651666286424579,0.0,151.9827078029934,162.63437408941797
2023-02-14,10.510302161662514,0.0,151.73452392404766,162.24482608571017
2023-02-15,10.68423518125957,0.0,152.8338238742587,163.51805905551828
2023-02-16,10.614762571655726,0.0,152.48419576443547,163.0989583360912
2023-02-17,13.946365746813731,0.0,120.59729765660421,134.54366340341795
2023-02-18,13.946365746813731,0.0,120.59729765660421,134.54366340341795
2023-02-19,0.14969388965022407,0.0,120.59729765660421,120.74699154625443
2023-02-20,0.14969388965022407,0.0,120.59729765660421,120.74699154625443
2023-02-21,0.14969388965022407,0.0,119.89915680653706,120.04885069618729
2023-02-22,0.15252056946790438,0.0,118.5641892360446,118.71670980551251
2023-02-23,0.15224181607224824,0.0,118.51103165368643,118.66327346975868
2023-02-24,0.22192668580323577,0.0,89.02425248742327,89.24617917322651
2023-02-25,0.22192668580323577,0.0,89.02425248742327,89.24617917322651
2023-02-26,0.22192668580323577,0.0,89.02425248742327,89.24617917322651
2023-02-27,0.22260444897345955,0.0,89.890773506637,90.11337795561046
2023-02-28,0.22094691508985403,0.0,89.28853428378443,89.50948119887428
2023-03-01,0.0012410593085151493,0.0,71.41057414044228,71.41181519975079
2023-03-02,0.0012034868726853193,0.0,69.31987858964105,69.32108207651373
2023-03-03,0.0012225953548535148,0.0,71.22648474297611,71.22770733833096
2023-03-04,-29.174348372740386,0.0,71.22648474297611,42.05213637023573
2023-03-05,-29.174348372740386,0.0,71.22648474297611,42.05213637023573
2023-03-06,27.43595104097226,0.0,17.198051847951437,44.634002888923696
2023-03-07,0.22723021691715883,0.0,17.092331641602517,17.319561858519677
2023-03-08,0.22749115047600957,0.0,17.19043882975749,17.4179299802335
2023-03-09,0.2198106602203019,0.0,16.7609371373418,16.9807477975621
2023-03-10,0.21521035780424996,0.0,16.07682190168333,16.29203225948758
2023-03-11,0.21521035780424996,0.0,16.07682190168333,16.29203225948758
2023-03-12,0.21521035780424996,0.0,16.07682190168333,16.29203225948758
2023-03-13,0.216268889471094,0.0,16.05337323694093,16.269642126412027
2023-03-14,0.21734195740835968,0.0,16.462609659462892,16.67995161687125
2023-03-15,0.2156544031944441,0.0,16.159056352163486,16.37471075535793
2023-03-16,0.4250688187905182,26.46574756364102,16.76017085620862,43.650987238640155
2023-03-17,26.35078331206803,0.0,16.166656501615712,42.517439813683744
2023-03-18,26.35078331206803,0.0,16.166656501615712,42.517439813683744
2023-03-19,-12.08547781644696,0.0,16.166656501615712,4.0811786851687515
2023-03-20,7.673367068558358e-05,0.0,5.0269288506959775,5.0270055843666634
2023-03-21,7.748407451679435e-05,0.0,5.0845596306248275,5.084637114699344
2023-03-22,7.780857997800548e-05,0.0,5.068948967464119,5.0690267760440975
2023-03-23,7.90111517852119e-05,0.0,5.218944605608868,5.219023616760653
2023-03-24,25.000079011151787,0.0,5.236109827776838,30.236188838928626
2023-03-25,25.000079011151787,0.0,5.236109827776838,30.236188838928626
2023-03-26,25.000079011151787,0.0,5.236109827776838,30.236188838928626
2023-03-27,0.2702890853536878,0.0,5.271386246658235,5.5416753320119225
2023-03-28,0.27028781711776884,0.0,5.261823381961241,5.53211119907901
2023-03-29,0.2702863503966872,0.0,5.478922117422899,5.749208467819586
2023-03-30,0.2702815131915909,0.0,5.460848935214271,5.731130448405862
2023-03-31,0.27028093789402763,0.0,5.4026409084400715,5.672921846334099
2023-04-01,0.27028093789402763,0.0,5.4026409084400715,5.672921846334099
2023-04-02,0.27028093789402763,0.0,5.4026409084400715,5.672921846334099
2023-04-03,0.27027918687741187,0.0,5.606483832415849,5.876763019293261
2023-04-04,0.27027831621104476,0.0,5.5512403580959475,5.821518674306993
2023-04-05,0.2702781006284259,0.0,5.607457880874454,5.87773598150288
2023-04-06,0.2702781006284259,0.0,5.653297877212346,5.9235759778407715
2023-04-07,0.2702781006284259,0.0,5.653297877212346,5.9235759778407715
2023-04-08,0.2702781006284259,0.0,5.653297877212346,5.9235759778407715
2023-04-09,0.2702781006284259,0.0,5.653297877212346,5.9235759778407715
2023-04-10,0.27028159653191136,0.0,5.704494795396089,5.974776391928001
2023-04-11,0.2702845243539025,0.0,5.85687769869918,6.127162223053083
2023-04-12,1.31743795552573,102.2136210862375,5.903377782920749,109.43443682468398
2023-04-13,102.70956561341148,0.0,6.127605315225601,108.83717092863708
2023-04-14,102.70968140766134,0.0,6.113726456081861,108.8234078637432
2023-04-15,102.70968140766134,0.0,6.113726456081861,108.8234078637432
2023-04-16,102.70968140766134,0.0,6.113726456081861,108.8234078637432
2023-04-17,102.69089841944687,0.0,6.706424191608125,109.39732261105499
2023-04-18,102.65529170576242,0.0,6.786371479897092,109.44166318565951
2023-04-19,102.63874095656067,0.0,6.591441352013687,109.23018230857436
2023-04-20,102.62802214365605,0.0,6.681405451001982,109.30942759465803
2023-04-21,102.58923497710259,0.0,6.6533220362172205,109.24255701331981
2023-04-22,102.58923497710259,0.0,6.6533220362172205,109.24255701331981
2023-04-23,102.58923497710259,0.0,6.6533220362172205,109.24255701331981
2023-04-24,102.57564438467371,0.0,6.66556132622498,109.24120571089868
2023-04-25,102.5683953357081,0.0,6.550540864221912,109.11893619993002
2023-04-26,102.56286241988379,0.0,6.417983458063694,108.98084587794747
2023-04-27,102.57838615485994,0.0,6.697684795209843,109.27607095006978
2023-04-28,102.5910567205239,0.0,6.59845807130486,109.18951479182876
2023-04-29,102.5910567205239,0.0,6.59845807130486,109.18951479182876
2023-04-30,102.5910567205239,0.0,6.59845807130486,109.18951479182876
2023-05-01,102.5910567205239,0.0,6.626835451675953,109.21789217219985
2023-05-02,102.58381001123618,0.0,6.500525098558263,109.08433510979444
2023-05-03,102.60301148826385,0.0,6.436514671381534,109.03952615964538
2023-05-04,102.59475355799223,0.0,6.584373927128718,109.17912748512096
2023-05-05,102.58096488629293,0.0,6.742451933689672,109.32341681998261
2023-05-06,102.58096488629293,0.0,6.742451933689672,109.32341681998261
2023-05-07,102.58096488629293,0.0,6.742451933689672,109.32341681998261
2023-05-08,102.57981641053856,0.0,6.714812330406516,109.29462874094507
2023-05-09,102.59238386105176,0.0,7.053981223591102,109.64636508464287
2023-05-10,102.59508979221152,0.0,7.055883283771462,109.65097307598299
2023-05-11,0.9182294605007428,0.0,7.147190249243262,8.065419709744004
2023-05-12,0.8885238289903928,0.0,7.0946671826155,7.983191011605893
2023-05-13,0.8885238289903928,0.0,7.0946671826155,7.983191011605893
2023-05-14,0.8885238289903928,0.0,7.0946671826155,7.983191011605893
2023-05-15,0.8974916418496931,0.0,7.449600238346887,8.347091880196581
2023-05-16,0.8601429185374201,0.0,7.68732209909008,8.5474650176275
2023-05-17,0.8619770122919332,0.0,7.922059758943279,8.784036771235211
2023-05-18,0.8345976187541058,0.0,7.781882403072224,8.61648002182633
2023-05-19,0.8389777037380817,0.0,7.872315355669774,8.711293059407856
2023-05-20,0.8389777037380817,0.0,7.872315355669774,8.711293059407856
2023-05-21,0.8389777037380817,0.0,7.872315355669774,8.711293059407856
2023-05-22,0.844447910768981,0.0,7.767814755806109,8.61226266657509
2023-05-23,0.8363014682794928,0.0,7.4370941573754115,8.273395625654905
2023-05-24,0.8433446054740755,0.0,7.403830446686618,8.247175052160694
2023-05-25,0.8433446054740755,0.0,7.438359255280368,8.281703860754444
2023-05-26,0.8433446054740755,0.0,7.531131929840914,8.37447653531499
2023-05-27,0.8433446054740755,0.0,7.531131929840914,8.37447653531499
2023-05-28,0.8433446054740755,0.0,7.531131929840914,8.37447653531499
2023-05-29,0.8433446054740755,0.0,7.531131929840914,8.37447653531499
2023-05-30,0.8450627793690275,0.0,8.654164367014799,9.499227146383827
2023-05-31,0.8422601373193682,0.0,8.763894235576732,9.6061543728961
2023-06-01,0.09,0.0,8.603563826727996,8.693563826727996
2023-06-02,0.09,0.0,8.42699163550118,8.51699163550118
2023-06-03,0.09,0.0,8.42699163550118,8.51699163550118
2023-06-04,0.09,0.0,8.42699163550118,8.51699163550118
2023-06-05,0.09,0.0,8.424612165304746,8.514612165304746
2023-06-06,0.09,0.0,8.468463761416068,8.558463761416068
2023-06-07,0.09,0.0,8.480437805297306,8.570437805297306
2023-06-08,0.09,0.0,8.486162892954663,8.576162892954663
2023-06-09,0.09,0.0,8.405415761152913,8.495415761152913
2023-06-10,0.09,0.0,8.405415761152913,8.495415761152913
2023-06-11,0.09,0.0,8.405415761152913,8.495415761152913
2023-06-12,0.09,0.0,8.31371016323926,8.40371016323926
2023-06-13,0.09,0.0,8.356659783714957,8.446659783714956
2023-06-14,0.09,0.0,8.199825196119718,8.289825196119718
2023-06-15,0.09,0.0,8.044005068447515,8.134005068447514
2023-06-16,0.09,0.0,8.041129816390834,8.131129816390834
2023-06-17,0.09,0.0,8.041129816390834,8.131129816390834
2023-06-18,0.09,0.0,8.041129816390834,8.131129816390834
2023-06-19,0.09,0.0,8.041129816390834,8.131129816390834
2023-06-20,0.09,0.0,8.074170587875209,8.164170587875208
2023-06-21,0.09,0.0,7.97734594673153,8.06734594673153
2023-06-22,0.09,0.0,7.768134936827289,7.858134936827289
2023-06-23,0.09,0.0,8.11716030751462,8.20716030751462
2023-06-24,0.09,0.0,8.11716030751462,8.20716030751462
2023-06-25,0.09,0.0,8.11716030751462,8.20716030751462
2023-06-26,0.09,0.0,8.136567477085288,8.226567477085288
2023-06-27,0.09,0.0,8.069795686012949,8.159795686012949
2023-06-28,0.09,0.0,7.8777409338528415,7.967740933852841
2023-06-29,0.09,0.0,7.979869260750776,8.069869260750776
2023-06-30,0.09,0.0,7.891352661402468,7.981352661402468
2023-07-01,0.09,0.0,7.891352661402468,7.981352661402468
2023-07-02,0.09,0.0,7.891352661402468,7.981352661402468
2023-07-03,0.09,0.0,7.9048959929336835,7.994895992933683
2023-07-04,0.09,0.0,7.9048959929336835,7.994895992933683
2023-07-05,0.09,0.0,8.095747645248299,8.185747645248298
2023-07-06,0.09,0.0,7.864136051971157,7.954136051971157
2023-07-07,0.09,0.0,7.834843893811747,7.9248438938117465
2023-07-08,0.09,0.0,7.834843893811747,7.9248438938117465
2023-07-09,0.09,0.0,7.834843893811747,7.9248438938117465
2023-07-10,0.09,0.0,7.849432494897348,7.939432494897348
2023-07-11,0.09,0.0,7.8014797100103985,7.891479710010398
2023-07-12,0.09,0.0,7.942727995617746,8.032727995617746
2023-07-13,0.09,0.0,7.840945433216625,7.930945433216625
2023-07-14,0.09,0.0,7.6515358263606785,7.741535826360678
2023-07-15,0.09,0.0,7.6515358263606785,7.741535826360678
2023-07-16,0.09,0.0,7.6515358263606785,7.741535826360678
2023-07-17,0.09,0.0,7.85191776670575,7.94191776670575
2023-07-18,0.09,0.0,8.217455924033166,8.307455924033166
2023-07-19,0.09,0.0,8.159108460173696,8.249108460173696
2023-07-20,0.09,0.0,8.323529322792616,8.413529322792616
2023-07-21,0.09,0.0,8.43235175056822,8.52235175056822
2023-07-22,0.09,0.0,8.43235175056822,8.52235175056822
2023-07-23,0.09,0.0,8.43235175056822,8.52235175056822
2023-07-24,0.09,0.0,8.296402746002151,8.386402746002151
2023-07-25,0.09,0.0,8.111995974274109,8.201995974274109
2023-07-26,0.09,0.0,8.125943147274118,8.215943147274118
2023-07-27,0.09,0.0,8.144561881406855,8.234561881406854
2023-07-28,0.09,0.0,8.240870078973689,8.330870078973689
2023-07-29,90.69,0.0,8.240870078973689,98.93087007897368
2023-07-30,90.69,0.0,8.240870078973689,98.93087007897368
2023-07-31,85.92262394619745,0.0,8.141709879043571,94.06433382524102
2023-08-01,84.44801841069597,0.0,8.045234693538273,92.49325310423424
2023-08-02,0.8699820951537047,0.0,7.974421024252138,8.844403119405843
2023-08-03,0.8699823922397254,0.0,7.889781118319149,8.759763510558875
2023-08-04,0.8699825242906487,0.0,7.759605596338025,8.629588120628673
2023-08-05,0.8699825242906487,0.0,7.759605596338025,8.629588120628673
2023-08-06,0.8699825242906487,0.0,7.759605596338025,8.629588120628673
2023-08-07,0.869982910152358,0.0,7.803061974822651,8.673044884975008
2023-08-08,0.8699828967445316,0.0,7.815713786684494,8.685696683429025
2023-08-09,0.8699826993264428,0.0,7.872523862124533,8.742506561450975
2023-08-10,2.083129931961075,85.28117210724656,7.895769471395067,95.26007151060271
2023-08-11,2.063377752311045,83.67891527575001,7.68094095404162,93.42323398210267
2023-08-12,2.063377752311045,83.67891527575001,7.68094095404162,93.42323398210267
2023-08-13,2.063377752311045,83.67891527575001,7.68094095404162,93.42323398210267
2023-08-14,2.0245152021054458,83.38894623507497,7.750633926327467,93.16409536350788
2023-08-15,93.04800907348455,0.0,7.745499564120127,100.79350863760467
2023-08-16,92.93313485902391,0.0,7.510199644154087,100.443334503178
2023-08-17,92.57062552744134,29.657566645709988,7.680632921334448,129.90882509448576
2023-08-18,92.56862084347034,30.745522881346496,7.5079722814437355,130.82211600626056
2023-08-19,92.56862084347034,30.745522881346496,7.5079722814437355,130.82211600626056
2023-08-20,92.56862084347034,30.745522881346496,7.5079722814437355,130.82211600626056
2023-08-21,92.56862084347034,30.745522881346496,7.573954337107797,130.88809806192464
2023-08-22,92.56717258495105,31.791885965055577,7.446022391392599,131.80508094139924
2023-08-23,125.28359227883821,0.0,7.651130184886973,132.9347224637252
2023-08-24,125.27343138068105,0.0,7.619063335486436,132.89249471616748
2023-08-25,125.264923687539,0.0,7.5671996839093065,132.8321233714483
2023-08-26,125.264923687539,0.0,7.5671996839093065,132.8321233714483
2023-08-27,125.264923687539,0.0,7.5671996839093065,132.8321233714483
2023-08-28,125.24679190080538,0.0,7.877285326068881,133.12407722687425
2023-08-29,1.233368515292053,0.0,7.996853954654233,9.230222469946286
2023-08-30,1.235353931837742,0.0,7.863516382209251,9.098870314046993
2023-08-31,0.5302994550824118,0.0,7.669855465399455,8.200154920481866
2023-09-01,0.5303039218800131,0.0,7.697761083369771,8.228065005249784
2023-09-02,0.5303039218800131,0.0,7.697761083369771,8.228065005249784
2023-09-03,0.5303039218800131,0.0,7.697761083369771,8.228065005249784
2023-09-04,0.5303039218800131,0.0,7.697761083369771,8.228065005249784
2023-09-05,0.5303072641010449,0.0,7.4989187400906925,8.029226004191738
2023-09-06,0.5303070514508881,0.0,7.464707007766769,7.995014059217658
2023-09-07,0.5303245920975014,0.0,7.643216108195043,8.173540700292545
2023-09-08,0.53032503586099,0.0,7.506207925441117,8.036532961302107
2023-09-09,0.53032503586099,0.0,7.506207925441117,8.036532961302107
2023-09-10,0.53032503586099,0.0,7.506207925441117,8.036532961302107
2023-09-11,0.5303320795850496,0.0,7.49285571564663,8.02318779523168
2023-09-12,0.5303180757329318,0.0,7.5623389279037045,8.092657003636637
2023-09-13,0.5303179657852727,0.0,7.826748126685258,8.35706609247053
2023-09-14,0.5303156390958502,0.0,7.9125999208640145,8.442915559959864
2023-09-15,0.5303160162375313,0.0,7.717212392562158,8.247528408799688
2023-09-16,0.5303160162375313,0.0,7.717212392562158,8.247528408799688
2023-09-17,0.5303160162375313,0.0,7.717212392562158,8.247528408799688
2023-09-18,0.5303180999796437,0.0,7.693225011546776,8.22354311152642
2023-09-19,0.4208479391505695,0.0,7.616758669362236,8.037606608512805
2023-09-20,0.42085305854344857,0.0,7.442292746188189,7.863145804731637
2023-09-21,0.42085411917549287,0.0,7.441818444549714,7.862672563725207
2023-09-22,6.827948181157228,0.0,7.33898863975072,14.166936820907948
2023-09-23,6.827948181157228,0.0,7.33898863975072,14.166936820907948
2023-09-24,6.827948181157228,0.0,7.33898863975072,14.166936820907948
2023-09-25,6.81911311418159,0.0,7.268882313135417,14.087995427317008
2023-09-26,6.8018716128855825,0.0,7.143206489125646,13.945078102011228
2023-09-27,6.780020779592819,0.0,7.0929815163125856,13.873002295905405
2023-09-28,6.752214449851198,0.0,7.1424441413146535,13.89465859116585
2023-09-29,6.745186465686199,0.0,6.949211267447117,13.694397733133316
2023-09-30,6.745186465686199,0.0,6.949211267447117,13.694397733133316
2023-10-01,6.745186465686199,0.0,6.949211267447117,13.694397733133316
2023-10-02,6.7396033297284115,0.0,6.975490862557141,13.715094192285552
2023-10-03,6.704148674670467,0.0,6.733750935424843,13.437899610095311
2023-10-04,0.7847692855985318,0.0,6.712034188384765,7.496803473983297
2023-10-05,0.7884357996925835,0.0,7.05118251741453,7.839618317107114
2023-10-06,0.7965855439988481,0.0,7.465592549486693,8.262178093485542
2023-10-07,0.7965855439988481,0.0,7.465592549486693,8.262178093485542
2023-10-08,0.7965855439988481,0.0,7.465592549486693,8.262178093485542
2023-10-09,0.7929793936754674,0.0,7.5709373625935665,8.363916756269035
2023-10-10,0.7672422362343418,0.0,7.486116050119303,8.253358286353645
2023-10-11,0.7778031924185959,0.0,7.712138700708573,8.489941893127169
2023-10-12,0.7677721648943432,0.0,7.709623592293479,8.477395757187821
2023-10-13,0.7677721648943432,0.0,7.61566118994973,8.383433354844072
2023-10-14,0.7677721648943432,0.0,7.61566118994973,8.383433354844072
2023-10-15,0.7677721648943432,0.0,7.61566118994973,8.383433354844072
2023-10-16,0.7677721648943432,0.0,7.679757869637229,8.447530034531573
2023-10-17,0.7617449896059667,0.0,8.125067692204844,8.886812681810811
2023-10-18,0.7656920981992206,0.0,8.553191448534742,9.318883546733963
2023-10-19,0.7635405791735373,0.0,8.18869007234185,8.952230651515386
2023-10-20,0.7483873761026871,0.0,8.174987331959255,8.923374708061942
2023-10-21,0.7483873761026871,0.0,8.174987331959255,8.923374708061942
2023-10-22,0.7483873761026871,0.0,8.174987331959255,8.923374708061942
2023-10-23,0.7583686319329843,0.0,7.818081882820344,8.57645051475333
2023-10-24,0.7798582444033484,0.0,7.894614577092474,8.674472821495822
2023-10-25,0.7792447164183174,0.0,7.760071302970688,8.539316019389005
2023-10-26,0.7858659564640846,0.0,7.832407361197294,8.618273317661378
2023-10-27,0.794145620413969,0.0,7.867939999759397,8.662085620173366
2023-10-28,0.794145620413969,0.0,7.867939999759397,8.662085620173366
2023-10-29,0.794145620413969,0.0,7.867939999759397,8.662085620173366
2023-10-30,0.8004847334784388,0.0,7.578153796813554,8.378638530291994
2023-10-31,0.7925209229745704,0.0,7.538972477794271,8.331493400768842
2023-11-01,0.7873136683993709,0.0,7.792064916324911,8.579378584724282
2023-11-02,0.7873094877608717,0.0,7.965070604646744,8.752380092407616
2023-11-03,0.7954863605383904,0.0,8.27268490767695,9.068171268215341
2023-11-04,0.7954863605383904,0.0,8.27268490767695,9.068171268215341
2023-11-05,0.7954863605383904,0.0,8.27268490767695,9.068171268215341
2023-11-06,0.7954863605383904,0.0,8.284591645958201,9.080078006496592
2023-11-07,0.7993808758462285,0.0,8.273659536238444,9.073040412084673
2023-11-08,0.7998692656387609,0.0,7.9770637991897,8.776933064828462
2023-11-09,0.7918192237697967,0.0,7.826704312725946,8.618523536495744
2023-11-10,0.7819636782503281,0.0,8.066756686180318,8.848720364430646
2023-11-11,0.7819636782503281,0.0,8.066756686180318,8.848720364430646
2023-11-12,0.7819636782503281,0.0,8.066756686180318,8.848720364430646
2023-11-13,0.7871521128901645,0.0,8.112372199229043,8.899524312119206
2023-11-14,0.7967302850462545,0.0,8.287038432015516,9.083768717061771
2023-11-15,0.7918412133501938,0.0,7.975508336362914,8.767349549713108
2023-11-16,0.7988323037624836,0.0,7.900597114931653,8.699429418694137
2023-11-17,0.7876364302499482,0.0,7.734313089709449,8.521949519959398
2023-11-18,0.7876364302499482,0.0,7.734313089709449,8.521949519959398
2023-11-19,0.7876364302499482,0.0,7.734313089709449,8.521949519959398
2023-11-20,0.7876364302499482,0.0,7.783229105334449,8.570865535584398
2023-11-21,0.781577420180967,0.0,8.447024350744437,9.228601770925405
2023-11-22,0.7617526611797483,0.0,8.642302391881785,9.404055053061533
2023-11-23,0.7617526611797483,0.0,8.642302391881785,9.404055053061533
2023-11-24,0.7559301678494886,0.0,9.030694295072932,9.78662446292242
2023-11-25,0.7559301678494886,0.0,9.030694295072932,9.78662446292242
2023-11-26,0.7559301678494886,0.0,9.030694295072932,9.78662446292242
2023-11-27,0.7678330560149378,0.0,8.350179381543423,9.118012437558361
2023-11-28,0.8013223027933012,0.0,9.097350266751247,9.898672569544548
2023-11-29,0.8004876836222874,0.0,9.143762388228136,9.944250071850425
2023-11-30,0.7926586995968583,0.0,9.187925397262042,9.9805840968589
2023-12-01,0.7697516069124936,0.0,9.246519120927083,10.016270727839576
2023-12-02,0.7697516069124936,0.0,9.246519120927083,10.016270727839576
2023-12-03,0.7697516069124936,0.0,9.246519120927083,10.016270727839576
2023-12-04,0.7838775900711359,0.0,9.903766039314982,10.687643629386118
2023-12-05,0.7690217626201012,0.0,9.978854144961124,10.747875907581225
2023-12-06,0.7642456381350591,0.0,10.170593055382891,10.93483869351795
2023-12-07,0.7610026097021845,0.0,10.74947343041734,11.510476040119524
2023-12-08,0.7610026097021845,0.0,10.81059464623765,11.571597255939835
2023-12-09,0.7610026097021845,0.0,10.81059464623765,11.571597255939835
2023-12-10,0.7610026097021845,0.0,10.81059464623765,11.571597255939835
2023-12-11,0.7524367944867625,0.0,10.450860832181775,11.203297626668537
2023-12-12,0.7457665513156775,0.0,11.050369105188418,11.796135656504095
2023-12-13,0.7477044194613622,0.0,10.87307052101339,11.620774940474753
2023-12-14,0.7453434968724952,0.0,10.554147138753539,11.299490635626034
2023-12-15,0.7526518082656348,0.0,10.308943958602223,11.061595766867857
2023-12-16,0.7526518082656348,0.0,10.308943958602223,11.061595766867857
2023-12-17,0.7526518082656348,0.0,10.308943958602223,11.061595766867857
2023-12-18,0.7629266117224612,0.0,10.647411207098564,11.410337818821025
2023-12-19,0.7661855734792957,0.0,10.966361727720166,11.732547301199462
2023-12-20,0.7663309330272222,0.0,11.278790486682395,12.045121419709616
2023-12-21,0.7624624975934045,0.0,11.76700116186956,12.529463659462964
2023-12-22,0.7638531619031497,0.0,11.965311611915313,12.729164773818463
2023-12-23,0.7638531619031497,0.0,11.965311611915313,12.729164773818463
2023-12-24,0.7638531619031497,0.0,11.965311611915313,12.729164773818463
2023-12-25,0.7638531619031497,0.0,11.965311611915313,12.729164773818463
2023-12-26,0.7732912487005084,0.0,11.650265610708418,12.423556859408926
2023-12-27,0.7834433677820369,0.0,11.735816545548698,12.519259913330735
2023-12-28,0.7656344866687679,0.0,11.247541547888432,12.0131760345572
2023-12-29,0.7620610793101965,0.0,11.116436921131283,11.87849800044148
2023-12-30,0.7620610793101965,0.0,11.116436921131283,11.87849800044148
2023-12-31,0.7620610793101965,0.0,11.116436921131283,11.87849800044148
2024-01-01,0.7620610793101965,0.0,11.116436921131283,11.87849800044148
2024-01-02,0.7555275476996625,0.0,10.97071690637858,11.726244454078243
2024-01-03,0.7394094228476344,0.0,10.616033925777595,11.35544334862523
2024-01-04,0.7270385367697242,0.0,10.497430098561393,11.224468635331117
2024-01-05,0.7190708798862595,0.0,10.406745293354039,11.125816173240299
2024-01-06,27.382241988804005,0.0,10.406745293354039,37.78898728215805
2024-01-07,27.382241988804005,0.0,10.406745293354039,37.78898728215805
2024-01-08,0.7076514867492593,0.0,36.03703147210384,36.7446829588531
2024-01-09,0.7042109310680478,0.0,35.51730250052274,36.221513431590786
2024-01-10,-24.91001888545589,0.0,62.29038921790927,37.38037033245338
2024-01-11,-25.419870134216865,0.0,63.459477178997496,38.03960704478063
2024-01-12,-25.651788908246743,0.0,63.916133953904776,38.26434504565803
2024-01-13,-25.651788908246743,0.0,63.916133953904776,38.26434504565803
2024-01-14,-25.651788908246743,0.0,63.916133953904776,38.26434504565803
2024-01-15,0.20856559361270405,0.0,38.05577945204533,38.26434504565803
2024-01-16,0.2180269422234014,0.0,36.483651819729985,36.70167876195339
2024-01-17,0.23089036125636278,0.0,34.98030843879596,35.21119880005232
2024-01-18,0.2313624595094343,0.0,35.542200050551976,35.77356251006141
2024-01-19,0.23963109973684094,0.0,34.81536781381888,35.05499891355572
2024-01-20,0.23963109973684094,0.0,34.81536781381888,35.05499891355572
2024-01-21,0.23963109973684094,0.0,34.81536781381888,35.05499891355572
2024-01-22,0.24207092886665396,0.0,34.45321066616439,34.69528159503104
2024-01-23,0.23631027753982695,0.0,35.06862111990563,35.30493139744546
2024-01-24,0.23862261253290812,0.0,34.95175615379639,35.190378766329296
2024-01-25,0.23448508689076317,0.0,36.418523630578704,36.65300871746947
2024-01-26,0.2243007337076327,0.0,37.48878038187998,37.713081115587606
2024-01-27,0.2243007337076327,0.0,37.48878038187998,37.713081115587606
2024-01-28,0.2243007337076327,0.0,37.48878038187998,37.713081115587606
2024-01-29,0.2293624001576418,0.0,36.840411643770025,37.069774043927666
2024-01-30,0.23362778532202108,0.0,37.14282815762441,37.37645594294643
2024-01-31,0.23304219172852408,0.0,37.56147483706581,37.79451702879433
2024-02-01,0.2353864500035852,0.0,37.20215936048557,37.437545810489155
2024-02-02,0.23673881540565025,0.0,38.053458960310294,38.290197775715946
2024-02-03,0.23673881540565025,0.0,38.053458960310294,38.290197775715946
2024-02-04,0.23673881540565025,0.0,38.053458960310294,38.290197775715946
2024-02-05,0.23744969302183278,0.0,37.50298593178065,37.74043562480248
2024-02-06,0.2271467211102075,0.0,38.33512427079845,38.56227099190866
2024-02-07,49.13294755107377,0.0,37.53123602887164,86.66418357994542
2024-02-08,64.50133715554801,0.0,36.586907723750734,101.08824487929874
2024-02-09,66.89708736595318,0.0,38.165533677282724,105.06262104323591
2024-02-10,66.89708736595318,0.0,38.165533677282724,105.06262104323591
2024-02-11,66.89708736595318,0.0,38.165533677282724,105.06262104323591
2024-02-12,66.89708736595318,0.0,38.173372117224126,105.0704594831773
2024-02-13,66.89708736595318,0.0,38.08625541800538,104.98334278395856
2024-02-14,68.95241271463637,0.0,39.0585551700007,108.01096788463707
2024-02-15,50.123546553372556,20.097558227966843,39.98016302500658,110.20126780634598
2024-02-16,1.3833773644471303,20.851493669875357,87.61993049887954,109.85480153320202
2024-02-17,1.3833773644471303,20.851493669875357,87.61993049887954,109.85480153320202
2024-02-18,1.3833773644471303,20.851493669875357,87.61993049887954,109.85480153320202
2024-02-19,1.3833773644471303,20.851493669875357,87.61993049887954,109.85480153320202
2024-02-20,1.3845740514408003,20.879115251127395,87.4284125121929,109.6921018147611
2024-02-21,1.3955018468190221,21.131347446799175,87.28120108088142,109.80805037449962
2024-02-22,1.3759047336964625,20.679012579550246,85.98844338442352,108.04336069767022
2024-02-23,1.3810543751262043,20.79787510577715,86.43018494628915,108.6091144271925
2024-02-24,1.3810543751262043,20.79787510577715,86.43018494628915,108.6091144271925
2024-02-25,1.3810543751262043,20.79787510577715,86.43018494628915,108.6091144271925
2024-02-26,1.4094134746863025,21.45245159643634,87.35410191085818,110.21596698198081
2024-02-27,1.4056031230362462,21.364502167506632,86.88370581858884,109.65381110913171
2024-02-28,1.4312703502177242,21.9569456425824,86.79770787092494,110.18592386372507
2024-02-29,1.4268933261266277,21.85591644512819,86.99246467699587,110.27527444825068
2024-03-01,1.4301366835127554,21.93077867731105,88.90162660509246,112.26254196591627
2024-03-02,1.4301366835127554,21.93077867731105,88.90162660509246,112.26254196591627
2024-03-03,1.4301366835127554,21.93077867731105,88.90162660509246,112.26254196591627
2024-03-04,1.4186835069048689,21.66641978485035,88.26402733131474,111.34913062306995
2024-03-05,1.4431684488304235,22.231574095397445,88.15195123415282,111.82669377838069
2024-03-06,1.479523171389678,23.07070323140175,90.98032116470497,115.5305475674964
2024-03-07,101.86930802499714,23.089463576990067,91.92520513429335,216.88397673628054
2024-03-08,99.74981889735271,22.60679071958673,91.0677440086567,213.42435362559615
2024-03-09,17.311699278518876,22.60679071958673,91.0677440086567,130.98623400676232
2024-03-10,17.311699278518876,22.60679071958673,91.0677440086567,130.98623400676232
2024-03-11,17.57335700523309,22.958225317490946,91.50619634067431,132.03777866339834
2024-03-12,0.5985058103124987,21.899675696508698,107.44021041706272,129.9383919238839
2024-03-13,0.6006616146545551,22.298064736098087,109.13766483512774,132.03639118588038
2024-03-14,0.5993854150908947,22.062225189543454,107.76601324835954,130.4276238529939
2024-03-15,0.5977959397684164,21.768492806311883,107.47974472700555,129.84603347308587
2024-03-16,0.5977959397684164,21.768492806311883,107.47974472700555,129.84603347308587
2024-03-17,0.5977959397684164,21.768492806311883,107.47974472700555,129.84603347308587
2024-03-18,0.707655992062819,21.742630704200852,105.49577678708134,127.94606348334501
2024-03-19,0.7078080533597227,21.770731377740837,105.6161860146759,128.09472544577648
2024-03-20,0.705498641300571,21.343955888744453,106.01238559681987,128.0618401268649
2024-03-21,0.7057029086127784,21.381704146664816,105.45385094526729,127.54125800054489
2024-03-22,0.7059278904487798,21.42328041396381,104.92059310588382,127.04980141029641
2024-03-23,0.7059278904487798,21.42328041396381,104.92059310588382,127.04980141029641
2024-03-24,0.7059278904487798,21.42328041396381,104.92059310588382,127.04980141029641
2024-03-25,0.7069817099608395,21.61802449862856,105.77560494391375,128.10061115250315
2024-03-26,0.7051657763661918,21.282443005161596,105.37012995021615,127.35773873174395
2024-03-27,0.7071119408525782,21.642090949777437,108.35442452639407,130.70362741702408
2024-03-28,0.7071119408525782,21.642090949777437,108.27218117922611,130.62138406985613
2024-03-29,0.7071119408525782,21.642090949777437,108.27218117922611,130.62138406985613
2024-03-30,0.7071119408525782,21.642090949777437,108.27218117922611,130.62138406985613
2024-03-31,0.7071119408525782,21.642090949777437,108.27218117922611,130.62138406985613
2024-04-01,0.7071119408525782,21.642090949777437,108.28316399782962,130.63236688845964
2024-04-02,0.7071119408525782,21.642090949777437,107.64798722475834,129.99719011538835
2024-04-03,0.708024573912994,21.81074401413195,111.78521188037321,134.30398046841816
2024-04-04,0.7096260940236478,22.106702254088884,110.41045072334265,133.22677907145518
2024-04-05,0.710755665555928,22.31544518549208,112.29213773124286,135.31833858229086
2024-04-06,0.710755665555928,22.31544518549208,112.29213773124286,135.31833858229086
2024-04-07,0.710755665555928,22.31544518549208,112.29213773124286,135.31833858229086
2024-04-08,0.7117041483140674,22.490723214073192,113.71665408572896,136.91908144811623
2024-04-09,82.72848612898483,22.478980001340407,130.13229197845882,235.33975810878405
2024-04-10,4.51564577745692,22.336257299435754,209.2166700062235,236.06857308311618
2024-04-11,4.518554820257308,22.35280925857014,209.58007337800697,236.4514374568344
2024-04-12,4.524879341152549,22.388794707594343,207.32261579101635,234.23628983976323
2024-04-13,4.524879341152549,22.388794707594343,207.32261579101635,234.23628983976323
2024-04-14,4.524879341152549,22.388794707594343,207.32261579101635,234.23628983976323
2024-04-15,4.412403339305922,21.748825372692828,199.99565276363398,226.15688147563273
2024-04-16,4.414457707844813,21.76051438053353,199.40769944661304,225.5826715349914
2024-04-17,4.446320417642498,21.941807784127217,199.39431052395227,225.782438725722
2024-04-18,4.807007047514219,21.888816290930166,198.17695116489227,224.87277450333664
2024-04-19,4.8225548875855395,21.977280858537814,201.08579997585653,227.8856357219799
2024-04-20,4.8225548875855395,21.977280858537814,201.08579997585653,227.8856357219799
2024-04-21,4.8225548875855395,21.977280858537814,201.08579997585653,227.8856357219799
2024-04-22,4.857690492674422,22.17719648010086,202.0522255260708,229.08711249884607
2024-04-23,4.873599567928176,22.26771641450364,202.32079236212707,229.46210834455889
2024-04-24,4.850058997159943,22.13377456761712,199.5219669301307,226.50580049490776
2024-04-25,4.760641905797611,21.625006514445996,195.84893749877187,222.23458591901547
2024-04-26,4.774686602699381,21.704918452882207,197.92342677613365,224.40303183171523
2024-04-27,0.9999181761111703,21.704918452882207,197.92342677613365,220.62826340512703
2024-04-28,0.9999181761111703,21.704918452882207,197.92342677613365,220.62826340512703
2024-04-29,30.522922008444432,21.490664147666926,169.25218368037088,221.26576983648224
2024-04-30,30.360696758466954,21.37273506195133,168.606811987644,220.34024380806227
2024-05-01,30.360696758466954,21.37273506195133,168.69640427280024,220.4298360932185
2024-05-02,34.779838535612924,20.945237910213347,161.03415475799065,216.7592312038169
2024-05-03,16.519772316681863,20.882407433685824,161.40599643760868,198.80817618797636
2024-05-04,16.519772316681863,20.882407433685824,161.40599643760868,198.80817618797636
2024-05-05,16.519772316681863,20.882407433685824,161.40599643760868,198.80817618797636
2024-05-06,16.704143475747284,21.129847665089294,165.562301307415,203.3962924482516
2024-05-07,16.903431498472496,21.397307471216394,166.17548522706576,204.47622419675466
2024-05-08,177.79589268913352,21.733874417394386,168.24945536048912,367.779222467017
2024-05-09,178.21365799066515,21.785219528736654,170.15226714991368,370.1511446693155
2024-05-10,177.36898444663723,21.681405600181602,169.37133055806044,368.4217206048793
2024-05-11,177.36898444663723,21.681405600181602,169.37133055806044,368.4217206048793
2024-05-12,177.36898444663723,21.681405600181602,169.37133055806044,368.4217206048793
2024-05-13,5.759508423343842,21.653460835765678,330.7111841670119,358.1241534261214
2024-05-14,5.738142956973521,21.557068403774636,333.8193554425536,361.1145668033018
2024-05-15,5.712752533273802,21.442516975442665,341.01494771870045,368.1702172274169
2024-05-16,9.253170356159139,21.205509100270504,342.4975420519464,372.9562215083761
2024-05-17,9.272343615377759,21.25453482931999,345.6160067601789,376.1428852048766
2024-05-18,9.272343615377759,21.25453482931999,345.6160067601789,376.1428852048766
2024-05-19,9.272343615377759,21.25453482931999,345.6160067601789,376.1428852048766
2024-05-20,9.02211778466245,20.6147112271899,346.4029581859512,376.03978719780355
2024-05-21,8.570434764072083,19.459764687781938,333.43629676910047,361.46649622095447
2024-05-22,8.672519651792859,18.49228170966561,316.787949396301,343.9527507577594
2024-05-23,8.452544647789862,17.964848402942998,303.55820706077424,329.9756001115071
2024-05-24,2.2525570721525323,18.093895217682114,310.0231199421094,330.36957223194406
2024-05-25,2.2525570721525323,18.093895217682114,310.0231199421094,330.36957223194406
2024-05-26,2.2525570721525323,18.093895217682114,310.0231199421094,330.36957223194406
2024-05-27,2.2525570721525323,18.093895217682114,310.0231199421094,330.36957223194406
2024-05-28,2.264082030183607,18.25522765513896,317.68046121378745,338.19977089911004
2024-05-29,2.287300366147976,18.580250160619983,329.48193184635517,350.3494823731231
2024-05-30,2.339286721837572,19.307982570168626,350.50802802902524,372.1552973210314
2024-05-31,2.283509454101778,18.52718297556399,337.7420980749971,358.5527905046629
2024-06-01,2.283509454101778,18.52718297556399,337.7420980749971,358.5527905046629
2024-06-02,2.283509454101778,18.52718297556399,337.7420980749971,358.5527905046629
2024-06-03,2.2538563024337854,18.112082527998314,332.1381273726822,352.50406620311435
2024-06-04,2.266126009418521,17.443928727184517,310.1430888788076,329.8531436154106
2024-06-05,2.7353631388786472,17.60838712586311,312.24798481655523,332.591735081297
2024-06-06,2.734222310773837,17.596676402659217,305.81516625167245,326.1460649651055
2024-06-07,132.2436424206835,17.522835938075698,305.63479629778647,455.40127465654564
2024-06-08,132.2436424206835,17.522835938075698,305.63479629778647,455.40127465654564
2024-06-09,132.2436424206835,17.522835938075698,305.63479629778647,455.40127465654564
2024-06-10,132.63792138625817,17.575485639761695,313.0560010416059,463.26940806762576
2024-06-11,8.307580273684714,17.444491123923175,426.3237002002551,452.07577159786297
2024-06-12,1.4882548353047473,24.627169038445714,435.2687421734896,461.38416604724006
2024-06-13,1.4975390919842961,25.115460757835567,450.677517585631,477.29051743545085
2024-06-14,1.5044895122343944,25.481007809316637,455.5136366688329,482.4991339903839
2024-06-15,1.5044895122343944,25.481007809316637,455.5136366688329,482.4991339903839
2024-06-16,1.5044895122343944,25.481007809316637,455.5136366688329,482.4991339903839
2024-06-17,1.5044895122343944,25.481007809316637,455.5381947743017,482.5236920958527
2024-06-18,1.507668197005878,25.648186023581776,459.1018806282933,486.25773484888094
2024-06-19,1.507668197005878,25.648186023581776,459.1018806282933,486.25773484888094
2024-06-20,1.507668197005878,25.648186023581776,459.1238538948949,486.27970811548255
2024-06-21,1.507668197005878,25.648186023581776,459.0550514046605,486.21090562524813
2024-06-22,1.507668197005878,25.648186023581776,459.0550514046605,486.21090562524813
2024-06-23,1.507668197005878,25.648186023581776,459.0550514046605,486.21090562524813
2024-06-24,1.4797619007743206,24.180495734629964,431.2315539853716,456.89181162077585
2024-06-25,1.4841431165234855,24.41091928333367,434.0550956438591,459.9501580437162
2024-06-26,1.467157306526527,23.517575782080183,419.5654129337288,444.5501460223355
2024-06-27,1.4680672537805801,23.565433109227797,430.43906167834655,455.47256204135493
2024-06-28,29.887000618624924,0.0,422.73413925633747,452.6211398749624
2024-06-29,29.887000618624924,0.0,422.73413925633747,452.6211398749624
2024-06-30,29.887000618624924,0.0,422.73413925633747,452.6211398749624
2024-07-01,1.3262834582933631,0.0,395.45596284482076,396.7822463031141
2024-07-02,1.3244739945976012,0.0,398.1812357037347,399.50570969833234
2024-07-03,1.3316694239516695,0.0,408.735701916837,410.06737134078867
2024-07-04,1.3316694239516695,0.0,408.735701916837,410.06737134078867
2024-07-05,213.7562818552238,0.0,418.91445063910874,632.6707324943325
2024-07-06,213.7562818552238,0.0,418.91445063910874,632.6707324943325
2024-07-07,213.7562818552238,0.0,418.91445063910874,632.6707324943325
2024-07-08,214.49410710211845,0.0,429.9134378024259,644.4075449045444
2024-07-09,214.49410710211845,0.0,429.9201992770353,644.4143063791537
2024-07-10,4.584102779319359,0.0,641.6318013876567,646.215904166976
2024-07-11,4.513985274940745,0.0,643.0882070741249,647.6021923490656
2024-07-12,4.473021176361854,0.0,634.7384092050945,639.2114303814564
2024-07-13,4.473021176361854,0.0,634.7384092050945,639.2114303814564
2024-07-14,4.473021176361854,0.0,634.7384092050945,639.2114303814564
2024-07-15,4.807417972567812,0.0,632.5291668929838,637.3365848655516
2024-07-16,4.859338089518529,0.0,647.0241529318012,651.8834910213196
2024-07-17,4.823552513887964,0.0,638.9463420399984,643.7698945538864
2024-07-18,4.797394304339643,0.0,632.9679500741593,637.7653443784989
2024-07-19,4.707221276589981,0.0,628.0317524375523,632.7389737141423
2024-07-20,4.707221276589981,0.0,628.0317524375523,632.7389737141423
2024-07-21,4.707221276589981,0.0,628.0317524375523,632.7389737141423
2024-07-22,4.6425424908967905,0.0,620.358293337678,625.0008358285747
2024-07-23,4.616822602388667,0.0,624.6658668425947,629.2826894449834
2024-07-24,6.052123569962089,0.0,612.0004874774961,618.0526110474582
2024-07-25,6.172389007026555,0.0,608.6156385133581,614.7880275203847
2024-07-26,6.251798543286054,0.0,615.9949153409938,622.2467138842799
2024-07-27,6.251798543286054,0.0,615.9949153409938,622.2467138842799
2024-07-28,6.251798543286054,0.0,615.9949153409938,622.2467138842799
2024-07-29,6.328624196886991,0.0,610.5796199458941,616.9082441427811
2024-07-30,6.4542302947342085,0.0,602.8224186344166,609.2766489291508
2024-07-31,6.398830492218194,0.0,626.3393102947332,632.7381407869514
2024-08-01,6.287428073236813,0.0,614.045145848134,620.3325739213708
2024-08-02,6.205697856660385,0.0,589.2059875433088,595.4116853999692
2024-08-03,6.205697856660385,0.0,589.2059875433088,595.4116853999692
2024-08-04,6.205697856660385,0.0,589.2059875433088,595.4116853999692
2024-08-05,6.219949252072099,0.0,581.2249505872292,587.4448998393012
2024-08-06,6.299162822570415,0.0,606.9301687995412,613.2293316221117
2024-08-07,118.97717633395564,0.0,611.5438173980403,730.520993731996
2024-08-08,123.59673757031553,0.0,652.4912811805909,776.0880187509065
2024-08-09,22.85433027819768,0.0,768.7486007284222,791.6029310066199
2024-08-10,22.85433027819768,0.0,768.7486007284222,791.6029310066199
2024-08-11,22.85433027819768,0.0,768.7486007284222,791.6029310066199
2024-08-12,9.81224618565749,12.93736023242672,764.1523996123743,786.9020060304586
2024-08-13,9.82422964282668,12.95499330353892,768.4131621474182,791.1923850937839
2024-08-14,9.814581686353911,12.940796807471894,769.0166549670837,791.7720334609095
2024-08-15,9.69629183120436,12.766739071189697,771.3786772177043,793.8417081200984
2024-08-16,9.598473656952219,12.622804412075785,768.232531097688,790.453809166716
2024-08-17,9.598473656952219,12.622804412075785,768.232531097688,790.453809166716
2024-08-18,9.598473656952219,12.622804412075785,768.232531097688,790.453809166716
2024-08-19,9.55950282896865,12.565460744765621,768.232650564595,790.3576141383293
2024-08-20,9.465310290769587,12.426861031773536,759.9754599131796,781.8676312357228
2024-08-21,9.464888610083555,12.426240549268494,750.7419205345211,772.6330496938732
2024-08-22,9.490373093784186,12.463739720584954,733.1565960438691,755.1107088582382
2024-08-23,9.521442391398601,12.509456672421662,743.7478883471013,765.7787874109215
2024-08-24,9.521442391398601,12.509456672421662,743.7478883471013,765.7787874109215
2024-08-25,9.521442391398601,12.509456672421662,743.7478883471013,765.7787874109215
2024-08-26,9.47385960336607,12.4394409271114,735.1114227870637,757.0247233175412
2024-08-27,9.462142785092905,12.422200202093366,739.061172887214,760.9455158744003
2024-08-28,9.48513054789062,12.456025570716092,738.415923530667,760.3570796492737
2024-08-29,9.505353993727876,12.485783382134562,750.0536452849312,772.0447826607937
2024-08-30,9.483526491145088,12.45366527966964,762.3783902939322,784.3155820647469
2024-08-31,9.483526491145088,12.45366527966964,762.3783902939322,784.3155820647469
2024-09-01,9.483526491145088,12.45366527966964,762.3783902939322,784.3155820647469
2024-09-02,9.703526491145087,12.45366527966964,762.3783902939322,784.5355820647469
2024-09-03,9.61451895526146,12.322695043985659,753.209865793924,775.1470797931711
2024-09-04,9.698233082307276,12.445876287466032,776.4328715832697,798.5769809530431
2024-09-05,250.51557935536195,12.626598161903459,786.49676670103,1049.6389442182954
2024-09-06,252.6315322327028,12.733777881556698,779.647956148276,1045.0132662625356
2024-09-07,252.6315322327028,12.733777881556698,779.647956148276,1045.0132662625356
2024-09-08,252.6315322327028,12.733777881556698,779.647956148276,1045.0132662625356
2024-09-09,257.078589864413,12.959035445348706,806.7131137112465,1076.7507390210083
2024-09-10,382.0813151537847,0.0,719.3997649262649,1101.4810800800497
2024-09-11,381.3967970562234,0.0,739.347809648448,1120.7446067046715
2024-09-12,379.29642958314264,0.0,748.0071509549612,1127.3035805381037
2024-09-13,19.60461966831207,0.0,1105.6377048359795,1125.2423245042917
2024-09-14,19.60461966831207,0.0,1105.6377048359795,1125.2423245042917
2024-09-15,19.60461966831207,0.0,1105.6377048359795,1125.2423245042917
2024-09-16,19.699866182489103,0.0,1112.9258201348714,1132.6256863173605
2024-09-17,19.768629406596606,0.0,1104.5132656655958,1124.2818950721924
2024-09-18,19.87549698355255,0.0,1099.1168077033765,1118.992304686929
2024-09-19,20.134530903408393,0.0,1129.305051576031,1149.4395824794394
2024-09-20,20.04443802767253,0.0,1115.0927927005496,1135.1372307282222
2024-09-21,20.04443802767253,0.0,1115.0927927005496,1135.1372307282222
2024-09-22,20.04443802767253,0.0,1115.0927927005496,1135.1372307282222
2024-09-23,20.00327039801109,0.0,1093.2048626323926,1113.2081330304038
2024-09-24,20.01852652608782,0.0,1100.7248158546522,1120.74334238074
2024-09-25,1.9431896873228,0.0,1091.2282628200267,1093.1714525073494
2024-09-26,1.9458229456577665,0.0,1089.2624858870875,1091.2083088327452
2024-09-27,1.9471286403212829,0.0,1094.9200092891006,1096.867137929422
2024-09-28,1.9471286403212829,0.0,1094.9200092891006,1096.867137929422
2024-09-29,1.9471286403212829,0.0,1094.9200092891006,1096.867137929422
2024-09-30,1.936730330554695,0.0,1062.4126998318457,1064.3494301624003
2024-10-01,1.935379477382763,0.0,1081.0385006448735,1082.9738801222563
2024-10-02,1.939597947227895,0.0,1077.7101580055696,1079.6497559527975
2024-10-03,1.9437784700514118,0.0,1097.2474599826005,1099.191238452652
2024-10-04,1.9463983368301088,0.0,1110.4427725047854,1112.3891708416154
2024-10-05,1.9463983368301088,0.0,1110.4427725047854,1112.3891708416154
2024-10-06,493.89505773317177,0.0,1110.4427725047854,1604.3378302379572
2024-10-07,495.89976209365886,0.0,1094.9609182389013,1590.8606803325602
2024-10-08,501.71136691785705,0.0,1108.8816101903922,1610.5929771082492
2024-10-09,508.8971242579436,0.0,1141.7460913772147,1650.6432156351584
2024-10-10,59.71840318295205,0.0,1587.2008353835954,1646.9192385665474
2024-10-11,59.71840318295205,0.0,1587.2617411453143,1646.9801443282663
2024-10-12,59.71840318295205,0.0,1587.2617411453143,1646.9801443282663
2024-10-13,59.71840318295205,0.0,1587.2617411453143,1646.9801443282663
2024-10-14,341.97340698809603,0.0,1751.786069713709,2093.759476701805
2024-10-15,342.2529053623132,0.0,1764.3531860927883,2106.6060914551017
2024-10-16,340.74502889135294,0.0,1740.6610782626217,2081.4061071539745
2024-10-17,339.43778648879686,0.0,1747.6309283442706,2087.0687148330676
2024-10-18,338.55393973413624,0.0,1771.6278298425082,2110.1817695766445
2024-10-19,338.55393973413624,0.0,1771.6278298425082,2110.1817695766445
2024-10-20,338.55393973413624,0.0,1771.6278298425082,2110.1817695766445
2024-10-21,338.0629349425445,0.0,1770.3936672517318,2108.4566021942765
2024-10-22,338.02085944214934,0.0,1754.43732362729,2092.458183069439
2024-10-23,140.64567653572098,152.96427490311913,1736.650963808333,2030.2609152471732
2024-10-24,294.2483849533835,0.0,1781.0878900907285,2075.336275044112
2024-10-25,294.99946745789134,0.0,1811.9878942745377,2106.9873617324292
2024-10-26,294.99946745789134,0.0,1811.9878942745377,2106.9873617324292
2024-10-27,294.99946745789134,0.0,1811.9878942745377,2106.9873617324292
2024-10-28,295.9441831151703,0.0,1817.5964639038639,2113.540647019034
2024-10-29,298.24584340732827,0.0,1859.063716117207,2157.309559524535
2024-10-30,297.69206870474034,0.0,1857.0429969340935,2154.735065638834
2024-10-31,93.24833510395712,0.0,1866.269052769587,1959.517387873544
2024-11-01,92.01199148472507,0.0,1877.2665665019138,1969.2785579866388
2024-11-02,92.01199148472507,0.0,1877.2665665019138,1969.2785579866388
2024-11-03,92.01199148472507,0.0,1877.2665665019138,1969.2785579866388
2024-11-04,90.66236039785545,0.0,1891.7744037888676,1982.4367641867232
2024-11-05,92.21650584585969,0.0,1937.0918030784276,2029.3083089242873
2024-11-06,272.4376614991433,252.7377940404562,1496.4012298648124,2021.5766854044118
2024-11-07,271.1258567047763,252.307966448145,1517.929086402325,2041.3629095552465
2024-11-08,145.5507013158625,372.21272369460587,1505.6193836975335,2023.382808708002
2024-11-09,145.5507013158625,372.21272369460587,1505.6193836975335,2023.382808708002
2024-11-10,145.5507013158625,372.21272369460587,1505.6193836975335,2023.382808708002
2024-11-11,53.69680203055129,373.93531082736297,1576.1517689181364,2003.7838817760507
2024-11-12,54.113410782100836,462.51624643335924,1609.1453523070668,2125.775009522527
2024-11-13,54.47072491982881,381.4653348201409,1645.7014493264887,2081.6375090664583
2024-11-14,54.242620889978674,381.5042813070387,1674.3406541069348,2110.087556303952
2024-11-15,55.787171687951194,390.1562172651369,1675.832943505854,2121.7763324589423
2024-11-16,55.787171687951194,390.1562172651369,1675.832943505854,2121.7763324589423
2024-11-17,55.787171687951194,390.1562172651369,1675.832943505854,2121.7763324589423
2024-11-18,55.787171687951194,390.1562172651369,1690.0065030761666,2135.9498920292544
2024-11-19,256.77563306782906,394.76865726029473,1711.2987275733317,2362.8430179014554
2024-11-20,257.30481978718393,399.15986684594384,1753.6721079173044,2410.136794550432
2024-11-21,434.75225451266255,389.3579793584515,1538.1519852616682,2362.2622191327823
2024-11-22,436.7285685800314,392.0063269814339,1597.1499166074532,2425.8848121689184
2024-11-23,436.7285685800314,392.0063269814339,1597.1499166074532,2425.8848121689184
2024-11-24,436.7285685800314,392.0063269814339,1597.1499166074532,2425.8848121689184
2024-11-25,235.42885763605523,588.0467847040646,1612.7221692347619,2436.1978115748816
2024-11-26,234.91652984262055,583.5596463066291,1630.0080496050307,2448.4842257542805
2024-11-27,243.15247568669722,594.7815067218957,1613.4206355339304,2451.3546179425234
2024-11-28,815.5897406955895,594.7815067218957,1613.4206355339304,3023.7918829514156
2024-11-29,991.3274150544308,391.2965494859329,1629.9911690694894,3012.6151336098533
2024-11-30,991.3274150544308,391.2965494859329,1629.9911690694894,3012.6151336098533
2024-12-01,991.3274150544308,391.2965494859329,1629.9911690694894,3012.6151336098533
2024-12-02,287.8595225575282,393.0025548611405,2342.3946112785216,3023.25668869719
2024-12-03,286.7544402071232,389.8346921263788,2353.5518120406264,3030.1409443741286
2024-12-04,287.7701474932329,392.9507590376212,2317.0159640652864,2997.7368705961408
2024-12-05,289.96308640139205,392.6944175873777,2331.062342041261,3013.719846030031
2024-12-06,863.6087593719324,397.14931905771186,1776.0110681006408,3036.769146530285
2024-12-07,863.6087593719324,397.14931905771186,1776.0110681006408,3036.769146530285
2024-12-08,863.6087593719324,397.14931905771186,1776.0110681006408,3036.769146530285
2024-12-09,179.46942146149934,271.15332560879284,2591.155755159473,3041.778502229765
2024-12-10,179.51856001346914,274.3744814568961,2593.5235383849704,3047.416579855336
2024-12-11,179.55667974581823,280.5534547656276,2661.794915080974,3121.90504959242
2024-12-12,179.5007063341816,276.73597700011607,2623.852521630953,3080.0892049652507
2024-12-13,179.7827006466591,278.57414674417845,2609.2991826612474,3067.656030052085
2024-12-14,179.7827006466591,278.57414674417845,2609.2991826612474,3067.656030052085
2024-12-15,179.7827006466591,278.57414674417845,2609.2991826612474,3067.656030052085
2024-12-16,179.6688235770622,282.77539208420217,2631.5701164956613,3094.014332156926
2024-12-17,182.9894089028467,280.42181214830066,2607.327360528161,3070.7385815793086
2024-12-18,182.84644171167332,274.6361529898529,2459.031862578781,2916.514457280307
2024-12-19,1110.130304980126,273.7628805347063,2439.9041138236757,3823.7972993385083
2024-12-20,1122.746866212864,279.45400109480124,2472.076895180947,3874.277762488612
2024-12-21,1122.746866212864,279.45400109480124,2472.076895180947,3874.277762488612
2024-12-22,758.671899928147,279.45400109480124,2472.076895180947,3510.202796203895
2024-12-23,328.49717231113664,282.30626401352794,2876.937818636512,3487.7412549611763
2024-12-24,328.82333690187454,282.5613355459186,2913.9291286248354,3525.3138010726284
2024-12-25,328.82333690187454,282.5613355459186,2913.9291286248354,3525.3138010726284
2024-12-26,326.35407208217447,283.70666558227316,2906.308365530247,3516.3691031946946
2024-12-27,327.3176988255,285.6066259276089,2892.1148202423583,3505.0391449954673
2024-12-28,327.3176988255,285.6066259276089,2892.1148202423583,3505.0391449954673
2024-12-29,327.3176988255,285.6066259276089,2892.1148202423583,3505.0391449954673
2024-12-30,182.88361031071048,286.1293542305347,2838.5258075667457,3307.538772107991
2024-12-31,182.88361031071048,286.1293542305347,2827.218764062031,3296.231728603276
2025-01-01,182.88361031071048,286.1293542305347,2827.218764062031,3296.231728603276
2025-01-02,182.920009847681,291.62553864741557,2888.6954890715124,3363.241037566609
2025-01-03,182.91791869160843,291.9320332630079,2913.682083669406,3388.5320356240222
2025-01-04,182.91791869160843,291.9320332630079,2913.682083669406,3388.5320356240222
2025-01-05,182.91791869160843,291.9320332630079,2913.682083669406,3388.5320356240222
2025-01-06,182.8538613704725,288.85531493130145,2900.8331073252216,3372.5422836269954
2025-01-07,182.87012042181163,290.2959542398452,2896.674389004349,3369.8404636660057
2025-01-08,182.85577032330363,257.8108421419928,2869.3756610889795,3310.042273554276
2025-01-09,224.63577032330363,257.8108421419928,2869.3756610889795,3351.822273554276
2025-01-10,108.67691549484677,256.4692716905776,2997.138075118622,3362.2842623040465
2025-01-11,108.67691549484677,256.4692716905776,2997.138075118622,3362.2842623040465
2025-01-12,108.67691549484677,256.4692716905776,2997.138075118622,3362.2842623040465
2025-01-13,331.45448651017944,257.9285591914972,2682.4307034262847,3271.8137491279613
2025-01-14,330.2292217084371,256.93944296412764,2719.826040462687,3306.994705135252
2025-01-15,333.2496976608326,258.4752191731135,2807.525731138782,3399.250647972728
2025-01-16,330.11690453597123,253.84121930908404,2759.7188455499127,3343.676969394968
2025-01-17,336.78291911441,257.2591596380536,2792.2109714878584,3386.253050240322
2025-01-18,402.4426041254878,257.2591596380536,2792.2109714878584,3451.9127352513997
2025-01-19,402.4426041254878,257.2591596380536,2792.2109714878584,3451.9127352513997
2025-01-20,402.4426041254878,257.2591596380536,2792.2109714878584,3451.9127352513997
2025-01-21,401.6016459912042,257.52311397954946,2860.1312380771415,3519.255998047895
2025-01-22,394.3997719698905,249.3135557491981,2851.4646957823416,3495.1780235014303
2025-01-23,391.35056664626444,245.07876901150127,2835.0982063658794,3471.527542023645
2025-01-24,392.52041957035095,244.0437553798087,2822.1576419970997,3458.7218169472594
2025-01-25,392.52041957035095,244.0437553798087,2822.1576419970997,3458.7218169472594
2025-01-26,350.7459050460567,244.0437553798087,2822.1576419970997,3416.947302422965
2025-01-27,315.09902203140587,250.2686546039213,2764.9957284571,3330.3634050924275
2025-01-28,314.1933068638539,252.3974425991264,2749.300219996283,3315.890969459263
2025-01-29,313.314919525849,252.38383507073067,2767.296203817938,3332.994958414518
2025-01-30,312.96626842249333,252.78916846410726,2811.156283681792,3376.9117205683924
2025-01-31,554.6508649327093,249.1120533076517,2758.0902897655296,3561.8532080058903
2025-02-01,554.6508649327093,249.1120533076517,2758.0902897655296,3561.8532080058903
2025-02-02,554.6508649327093,249.1120533076517,2758.0902897655296,3561.8532080058903
2025-02-03,557.5130281194054,250.7387507751117,2748.775767590475,3557.027546484992
2025-02-04,551.7022076537411,248.2780623327497,2754.4085527673305,3554.3888227538214
2025-02-05,547.4056744436174,245.8042063997396,2758.5053698498427,3551.7152506932
2025-02-06,560.3925832081217,252.9889253286765,2771.485926657235,3584.867435194033
2025-02-07,556.2422982849787,250.5472193978001,2714.346882739779,3521.136400422558
2025-02-08,556.2422982849787,250.5472193978001,2714.346882739779,3521.136400422558
2025-02-09,425.8412428216766,250.5472193978001,2714.346882739779,3390.7353449592556
2025-02-10,291.48571585447445,62.605224570520214,3089.8837397875177,3443.9746802125123
2025-02-11,231.12682909146523,-0.5024883108180024,3161.722666061731,3392.3470068423785
2025-02-12,230.96515114120777,-0.5068051671823971,3227.3275435705714,3457.7858895445966
2025-02-13,230.62089368534564,-0.5101597487880715,3316.2275381918735,3546.338272128431
2025-02-14,461.18347904674437,-0.5063997566594917,3143.96168712931,3604.638766419395
2025-02-15,461.18347904674437,-0.5063997566594917,3143.96168712931,3604.638766419395
2025-02-16,461.18347904674437,-0.5063997566594917,3143.96168712931,3604.638766419395
2025-02-17,165.51098752856888,61.64117302456527,3364.560813224126,3591.7129737772602
2025-02-18,245.55819332030424,-0.5026259397370947,3379.854505369271,3624.910072749838
2025-02-19,245.51408666767605,-0.4962338381269287,3351.9106299193054,3596.9284827488545
2025-02-20,51.262488946128265,151.08329428044905,3411.844079448738,3614.189862675315
2025-02-21,246.18397868503033,-0.502930718395301,3280.829812455001,3526.510860421636
2025-02-22,246.18397868503033,-0.502930718395301,3280.829812455001,3526.510860421636
2025-02-23,246.18397868503033,-0.502930718395301,3280.829812455001,3526.510860421636
2025-02-24,15.272107500780418,-0.5029100666345105,3241.8715905744675,3256.6407880086135
2025-02-25,15.278684767107068,-0.5044428321432064,3163.7361215404026,3178.5103634753664
2025-02-26,541.4655214142031,-0.5068448164349479,2658.522482239626,3199.481158837394
2025-02-27,881.7702321262476,-0.49691381749596886,2544.5313011676,3425.8046194763515
2025-02-28,755.5081890502322,-0.5055281333554952,2707.4925926514516,3462.4952535683283
2025-03-01,755.5081890502322,-0.5055281333554952,2707.4925926514516,3462.4952535683283
2025-03-02,755.5081890502322,-0.5055281333554952,2707.4925926514516,3462.4952535683283
2025-03-03,755.5081890502322,-0.5055281333554952,2689.4423836441883,3444.445044561065
2025-03-04,755.5081890502322,-0.5055281333554952,2672.5593440171133,3427.56200493399
2025-03-05,245.94973527901564,56.826150276452964,3096.127575143677,3398.9034606991454
2025-03-06,347.2821744172449,56.39505537923794,2931.1562190719205,3334.833448868403
2025-03-07,235.21908384563085,57.85988244068343,3071.0991200301096,3364.178086316424
2025-03-08,235.21908384563085,57.85988244068343,3071.0991200301096,3364.178086316424
2025-03-09,235.21908384563085,57.85988244068343,3071.0991200301096,3364.178086316424
2025-03-10,29.528654808336817,56.90434395282023,2936.6774046325263,3023.1104033936836
2025-03-11,29.38434728018927,56.67654411604121,2936.8208592255905,3022.881750621821
2025-03-12,29.37290417500395,56.61975539565354,3027.307966897537,3113.3006264681944
2025-03-13,29.225719946575417,56.07045257248467,3009.2061356538006,3094.502308172861
2025-03-14,29.124779585662615,56.025443857104996,3094.1189207264647,3179.2691441692323
2025-03-15,29.124779585662615,56.025443857104996,3094.1189207264647,3179.2691441692323
2025-03-16,29.124779585662615,56.025443857104996,3094.1189207264647,3179.2691441692323
2025-03-17,64.40477074742091,-0.502778841825614,3098.518269855793,3162.4202617613882
2025-03-18,62.334454087029904,-0.4931913157361184,2989.534376293571,3051.3756390648646
2025-03-19,262.55880276253396,-0.5053007745939037,3064.803967926238,3326.857469914178
2025-03-20,262.75693785777185,-0.5032362043046936,3059.450633560196,3321.704335213663
2025-03-21,132.7970636245998,-0.5050004734518796,3223.0222315073624,3355.3142946585103
2025-03-22,132.7970636245998,-0.5050004734518796,3223.0222315073624,3355.3142946585103
2025-03-23,132.7970636245998,-0.5050004734518796,3223.0222315073624,3355.3142946585103
2025-03-24,132.7970636245998,-0.5050004734518796,3243.9630197764054,3376.2550829275533
2025-03-25,132.32543817066448,-0.5094904076483361,3255.163264771135,3386.979212534151
2025-03-26,141.99085832020404,-0.5062893157322138,3197.7681387409184,3339.25270774539
2025-03-27,141.94109834390875,-0.5058695792430254,3170.8176449026,3312.2528736672657
2025-03-28,302.5696935367953,-0.4994796048681465,3085.0146567836955,3387.084870715623
2025-03-29,302.5696935367953,-0.4994796048681465,3085.0146567836955,3387.084870715623
2025-03-30,302.5696935367953,-0.4994796048681465,3085.0146567836955,3387.084870715623
2025-03-31,302.3299149436927,-0.5021023728510472,3041.609767585149,3343.4375801559904
2025-04-01,339.78458873426894,-0.4994130340218902,3017.9871356338863,3357.2723113341335
2025-04-02,339.78458873426894,-0.4994130340218902,3028.0535478348147,3367.338723535062
2025-04-03,338.13768603994714,-0.4940813087730319,2927.231233730735,3264.874838461909
2025-04-04,219.64374826405836,-0.4903181904680986,2800.096541258579,3019.249971332169
2025-04-05,219.64374826405836,-0.4903181904680986,2800.096541258579,3019.249971332169
2025-04-06,219.64374826405836,-0.4903181904680986,2800.096541258579,3019.249971332169
2025-04-07,659.0509998283585,-0.4819277577638741,3339.7628375110835,3998.3319095816782
2025-04-08,172.20917109302428,-0.4802110603098798,3687.1862812523027,3858.915241285017
2025-04-09,172.45168772859498,-0.49440509313097053,4023.3224021846236,4195.279684820088
2025-04-10,172.23325464556277,-0.49341012247067345,3851.799914897629,4023.539759420721
2025-04-11,172.43139900773957,-0.49354567612485495,4047.3483848662663,4219.286238197881
2025-04-12,172.43139900773957,-0.49354567612485495,4047.3483848662663,4219.286238197881
2025-04-13,172.43139900773957,-0.49354567612485495,4047.3483848662663,4219.286238197881
2025-04-14,173.2060046847359,-0.5221560495666447,4300.04776428145,4472.731612916619
2025-04-15,173.32544448884047,-0.5193151365889064,4268.735597529886,4441.5417268821375
2025-04-16,174.04140840755016,-0.5196088479786133,4301.6329143726525,4475.154713932224
2025-04-17,174.04140840755016,-0.5196088479786133,4300.103651982516,4473.625451542087
2025-04-18,174.04140840755016,-0.5196088479786133,4300.103651982516,4473.625451542087
2025-04-19,174.04140840755016,-0.5196088479786133,4300.103651982516,4473.625451542087
2025-04-20,161.2332466881516,-0.5196088479786133,4300.103651982516,4460.8172898226885
2025-04-21,114.82401157473682,-0.5217930339806013,4227.492485171054,4341.79470371181
2025-04-22,114.7497840254082,-0.5331877737952846,4299.996741241884,4414.2133374934965
2025-04-23,114.69459899902374,-0.5296558662645957,4366.449858810132,4480.614801942891
2025-04-24,71.77729171937563,-0.5299135545961776,4358.4733880449985,4429.720766209778
2025-04-25,71.70265596006462,-0.5290492821618739,4369.339728844854,4440.513335522757
2025-04-26,63.32452148497435,-0.5290492821618739,4369.339728844854,4432.135201047667
2025-04-27,63.32452148497435,-0.5290492821618739,4369.339728844854,4432.135201047667
2025-04-28,46.75930002075246,-0.5296314815107774,4345.468350060285,4391.698018599527
2025-04-29,362.5150565235859,-0.5290453486138094,4376.1147139990435,4738.100725174016
2025-04-30,361.15008758763656,-0.5283504599971193,4348.368773897748,4708.990511025388
2025-05-01,445.6161557099159,-0.5283504599971193,4358.078004549603,4803.165809799522
2025-05-02,445.6161557099159,-0.5283504599971193,4378.286582735638,4823.374387985557
2025-05-03,445.6161557099159,-0.5283504599971193,4378.286582735638,4823.374387985557
2025-05-04,445.6161557099159,-0.5283504599971193,4378.286582735638,4823.374387985557
2025-05-05,100.61332945219407,-0.5237814736936767,4637.170859083362,4737.260407061863
2025-05-06,120.79195527414889,-0.5284687086333091,4681.027869668331,4801.291356233846
2025-05-07,125.6221820267661,-0.5276321882377687,4715.589967808448,4840.684517646976
2025-05-08,125.12117062333279,-0.5240055445667334,4714.194035493389,4838.791200572155
2025-05-09,125.93051538392676,-0.5290884896096854,4762.451384215954,4887.852811110271
2025-05-10,125.93051538392676,-0.5290884896096854,4762.451384215954,4887.852811110271
2025-05-11,125.93051538392676,-0.5290884896096854,4762.451384215954,4887.852811110271
2025-05-12,123.14255805664175,-0.5211325089951905,4856.220793710178,4978.842219257825
2025-05-13,124.27470119274432,-0.5249539874880171,4920.483356437426,5044.233103642682
2025-05-14,130.23886227002245,-0.5304647596084862,4975.775832789188,5105.484230299602
2025-05-15,129.49007063039676,-0.5269838844576664,4935.20216518033,5064.165251926269
2025-05-16,45.11720709312057,-0.5180909243373352,5009.837430751655,5054.436546920439
2025-05-17,45.11720709312057,-0.5180909243373352,5009.837430751655,5054.436546920439
2025-05-18,45.11720709312057,-0.5180909243373352,5009.837430751655,5054.436546920439
2025-05-19,45.52940787924534,-0.532227659231906,5098.774847318028,5143.772027538042
2025-05-20,45.44707804926591,-0.5348098088965859,5098.522277359932,5143.434545600301
2025-05-21,48.8598785868716,-0.5249110736393846,4970.674134270939,5019.009101784171
2025-05-22,49.25879228109769,-0.5347803221557501,4995.196080096173,5043.920092055116
2025-05-23,48.96042857460258,-0.5316782300629741,4982.99390759485,5031.422657939389
2025-05-24,48.96042857460258,-0.5316782300629741,4982.99390759485,5031.422657939389
2025-05-25,48.96042857460258,-0.5316782300629741,4982.99390759485,5031.422657939389
2025-05-26,48.96042857460258,-0.5316782300629741,4982.99390759485,5031.422657939389
2025-05-27,23.246938984726008,-0.5328549787195024,4976.230793869547,4998.944877875553
2025-05-28,23.246448929296704,-0.5379153981019057,4953.226383179847,4975.934916711042
2025-05-29,1527.891300647098,-0.5361904471355994,4888.6325014474005,6415.987611647362
2025-05-30,1221.7580351462827,-0.5373971375107273,5143.586865723106,6364.807503731878
2025-05-31,1221.7580351462827,-0.5373971375107273,5143.586865723106,6364.807503731878
2025-06-01,1221.7580351462827,-0.5373971375107273,5143.586865723106,6364.807503731878
2025-06-02,1223.6632940055395,-0.5333100297263915,5129.5094113083705,6352.639395284184
2025-06-03,1706.8922805506256,-0.5358986803897663,4673.882208931269,6380.238590801505
2025-06-04,1709.7267328256105,-0.5346590724345938,4612.482891935667,6321.674965688842
2025-06-05,1717.7402371228752,-0.5323850551739331,4616.795039407798,6334.002891475499
2025-06-06,1715.85591955495,-0.5336578151024272,4667.705259558471,6383.027521298319
2025-06-07,1715.85591955495,-0.5336578151024272,4667.705259558471,6383.027521298319
2025-06-08,1715.85591955495,-0.5336578151024272,4667.705259558471,6383.027521298319
2025-06-09,1711.7891821240694,-0.5359659467427823,4638.773460081993,6350.02667625932
2025-06-10,1723.4002144172769,-0.5455390205369466,4710.110748009984,6432.965423406724
2025-06-11,1727.2073357330735,-0.7030688450045638,4691.106858840237,6417.6111257283055
2025-06-12,1725.411941210982,-0.5422963716418818,4712.165211455316,6437.0348562946565
2025-06-13,1721.5084999314067,-0.5348807267074247,4645.294329975338,6366.267949180037
2025-06-14,1721.5084999314067,-0.5348807267074247,4645.294329975338,6366.267949180037
2025-06-15,1721.5084999314067,-0.5348807267074247,4645.294329975338,6366.267949180037
2025-06-16,1721.5084999314067,-0.5348807267074247,4671.292140529842,6392.2657597345415
2025-06-17,1740.2455198657087,-0.5352916955398264,4633.007443625071,6372.71767179524
2025-06-18,1755.3144969981868,-0.5314583456972937,4632.999276368907,6387.782315021396
2025-06-19,1412.9265999272864,-0.5314583456972937,4632.999276368907,6045.394417950496
2025-06-20,1412.9265999272864,-0.5314583456972937,4632.261850450328,6044.656992031917
2025-06-21,1370.128112793424,-0.5314583456972937,4632.261850450328,6001.858504898055
2025-06-22,1370.128112793424,-0.5314583456972937,4632.261850450328,6001.858504898055
2025-06-23,1434.4150721800133,-0.5367467727863198,4492.64013123347,5926.518456640697
2025-06-24,1282.3651476056186,-0.543244005421354,4556.606596160147,5838.4284997603445
2025-06-25,1272.7351902409334,-0.5445470350748056,4525.895830879261,5798.086474085119
2025-06-26,1275.4298832305244,-0.5489649366712627,4568.825743419835,5843.706661713688
2025-06-27,81.17951048355454,741.4846487728526,4988.031072610114,5810.695231866522
2025-06-28,81.17951048355454,741.4846487728526,4988.031072610114,5810.695231866522
2025-06-29,81.17951048355454,741.4846487728526,4988.031072610114,5810.695231866522
2025-06-30,475.27496423260897,-0.5446325387463975,5424.472409250333,5899.202740944195
2025-07-01,467.55714618046886,-0.5397079700486426,5382.680912488151,5849.698350698572
2025-07-02,468.58055579634754,-0.5446819703516365,5447.270803800182,5915.306677626178
2025-07-03,469.0608574634276,-0.5499225448305629,5541.60295534055,6010.1138902591465
2025-07-04,469.0608574634276,-0.5499225448305629,5541.60295534055,6010.1138902591465
2025-07-05,469.0608574634276,-0.5499225448305629,5541.60295534055,6010.1138902591465
2025-07-06,469.0608574634276,-0.5499225448305629,5541.60295534055,6010.1138902591465
2025-07-07,829.3175818665466,-0.5376366336883983,4987.230072872756,5816.010018105614
2025-07-08,840.0315709475262,-0.5390967443299618,5131.302411035992,5970.794885239188
2025-07-09,840.0315709475262,-0.5390967443299618,5144.348871607281,5983.841345810477
2025-07-10,835.2040227148511,-0.6177698607657216,5047.407159231992,5881.993412086078
2025-07-11,784.9520735116075,-0.5338011729524429,5047.9303874642965,5832.348659802951
2025-07-12,784.9520735116075,-0.5338011729524429,5047.9303874642965,5832.348659802951
2025-07-13,784.9520735116075,-0.5338011729524429,5047.9303874642965,5832.348659802951
2025-07-14,777.500975619203,-0.5316051213302053,5057.539053391049,5834.508423888921
2025-07-15,782.82316192501,-0.5327190533413197,5099.20848799736,5881.498930869028
2025-07-16,729.4262960656572,-0.5289684811466139,5067.771497629241,5796.668825213752
2025-07-17,727.8274714755768,-0.5270381322616848,5098.818796624811,5826.119229968126
2025-07-18,725.5652675960887,-0.5311363856068477,5073.43190593057,5798.466037141052
2025-07-19,725.5652675960887,-0.5311363856068477,5073.43190593057,5798.466037141052
2025-07-20,725.5652675960887,-0.5311363856068477,5073.43190593057,5798.466037141052
2025-07-21,401.3760733030383,-0.5310654707343254,5363.876965008745,5764.721972841049
2025-07-22,344.67095472762895,-0.526646081081067,5366.078439653904,5710.222748300452
2025-07-23,343.6971197551289,-0.5295948587217826,5460.544342782718,5803.711867679125
2025-07-24,341.61946940439447,-0.5369207208703982,5483.491984887766,5824.57453357129
2025-07-25,339.17611286476364,-0.543156940677861,5561.13535619108,5899.768312115166
2025-07-26,339.17611286476364,-0.543156940677861,5561.13535619108,5899.768312115166
2025-07-27,339.17611286476364,-0.543156940677861,5561.13535619108,5899.768312115166
2025-07-28,335.3148570280588,-0.5404752424330047,5577.7908418458965,5912.565223631522
2025-07-29,337.0751369722716,-0.5412019961369343,5654.440029875474,5990.973964851608
2025-07-30,439.4125329828951,-0.5491847900884594,5801.870855811723,6240.73420400453
2025-07-31,243.28637598058705,-0.5439793707310744,5897.861106619841,6140.603503229697
2025-08-01,231.2879135008475,-0.5380719823855157,5821.462063713253,6052.211905231715
2025-08-02,231.2879135008475,-0.5380719823855157,5821.462063713253,6052.211905231715
2025-08-03,231.2879135008475,-0.5380719823855157,5821.462063713253,6052.211905231715
2025-08-04,232.95930244517731,-0.5433988174826969,5859.906595809811,6092.322499437505
2025-08-05,234.61947947112972,-0.5438173571337215,5948.787878034466,6182.863540148463
2025-08-06,237.13501059231274,-0.5491849498840167,6065.843232450936,6302.429058093365
2025-08-07,237.30904474816862,-0.5469845118829868,5979.652320143944,6216.41438038023
2025-08-08,236.77209970526852,-0.549248935024409,5915.498861632375,6151.721712402619
2025-08-09,236.77209970526852,-0.549248935024409,5915.498861632375,6151.721712402619
2025-08-10,236.77209970526852,-0.549248935024409,5915.498861632375,6151.721712402619
2025-08-11,1673.3756313141134,-0.549759291109954,4675.435617210255,6348.2614892332585
2025-08-12,1057.290074296608,-0.550595592879394,5326.076426655878,6382.815905359606
2025-08-13,1062.1577121107027,-0.5547220165566675,5346.962965568565,6408.565955662711
2025-08-14,1066.4031214141255,-0.5510750128135997,5331.030725103492,6396.882771504804
2025-08-15,1066.4031214141255,-0.5510750128135997,5315.003111425514,6380.855157826826
2025-08-16,1066.4031214141255,-0.5510750128135997,5315.003111425514,6380.855157826826
2025-08-17,1066.4031214141255,-0.5510750128135997,5315.003111425514,6380.855157826826
2025-08-18,1073.3793923681867,-0.5523884835188835,5337.415456483984,6410.242460368651
2025-08-19,50.73957291953904,-0.5509975779005956,6084.9235916943935,6135.112167036032
2025-08-20,50.6026142966992,-0.5432322387224697,6064.683204137958,6114.742586195935
2025-08-21,50.26596225598182,-0.5361129782971618,6038.256924785132,6087.986774062816
2025-08-22,152.88797420102475,-0.535563491012274,6125.45219162879,6277.804602338803
2025-08-23,152.88797420102475,-0.535563491012274,6125.45219162879,6277.804602338803
2025-08-24,152.88797420102475,-0.535563491012274,6125.45219162879,6277.804602338803
2025-08-25,553.7137529329464,-0.5172017434303614,5706.610688943074,6259.80724013259
2025-08-26,556.8181997103578,-0.5203294867728299,5767.283451974152,6323.581322197737
2025-08-27,556.4584666326818,-0.5252977279467064,5743.851780690925,6299.78494959566
2025-08-28,2172.583328543653,-0.5270624677415536,5476.274911270497,7648.331177346408
2025-08-29,2180.5448063097797,-0.5389516384320667,5386.612816402425,7566.618671073773
2025-08-30,2180.5448063097797,-0.5389516384320667,5386.612816402425,7566.618671073773
2025-08-31,2180.5448063097797,-0.5389516384320667,5386.612816402425,7566.618671073773
2025-09-01,421.04954857622874,-0.5389516384320667,7095.978565121893,7516.489162059689
2025-09-02,417.00151149709154,-0.5170173102250338,6955.60382226588,7372.088316452747
2025-09-03,416.4416253751567,-0.5144904428214909,6953.011426112946,7368.938561045281
2025-09-04,414.90984055430386,-0.5148920642882275,7042.79539305367,7457.1903415436855
2025-09-05,413.8054831846749,-0.5139334318024413,7118.094657834016,7531.386207586889
2025-09-06,413.8054831846749,-0.5139334318024413,7118.094657834016,7531.386207586889
2025-09-07,413.8054831846749,-0.5139334318024413,7118.094657834016,7531.386207586889
2025-09-08,404.007423817671,-0.4789672956771431,6726.457860127589,7129.9863166495825
2025-09-09,417.48438301177623,-0.493388964217013,6759.8578423848385,7176.848836432398
2025-09-10,418.1655322758927,-0.49773845149753343,6859.631010457068,7277.298804281463
2025-09-11,417.33006326426096,-0.49670251953802214,6984.464675174766,7401.298035919489
2025-09-12,413.2081838626648,-0.48311153911370774,7038.384008454018,7451.109080777569
2025-09-13,413.2081838626648,-0.48311153911370774,7038.384008454018,7451.109080777569
2025-09-14,413.2081838626648,-0.48311153911370774,7038.384008454018,7451.109080777569
2025-09-15,237.1919072348324,-0.47308603378023334,7118.568516723034,7355.287337924086
2025-09-16,237.76087524199193,-0.48196782709640323,7243.748318960987,7481.0272263758825
2025-09-17,236.94538133626207,-0.46304860004023934,7220.699320411393,7457.181653147615
2025-09-18,235.4188946491657,-0.42587720137952123,7049.776308115461,7284.769325563247
2025-09-19,235.13661808577254,-0.4161561216991519,7077.740643145312,7312.461105109385
2025-09-20,235.13661808577254,-0.4161561216991519,7077.740643145312,7312.461105109385
2025-09-21,235.13661808577254,-0.4161561216991519,7077.740643145312,7312.461105109385
2025-09-22,524.3540555566527,-0.4805091661661357,7164.267393268324,7688.140939658811
2025-09-23,505.0014635164263,-0.5008925519816146,7223.449930163896,7727.950501128341
2025-09-24,512.9367881889427,-0.5257752235644615,7379.642867468798,7892.053880434176
2025-09-25,514.2827296416269,-0.5115633736404636,7090.922289723653,7604.69345599164
2025-09-26,465.2345913937878,-0.49266097984971297,7006.223143072199,7470.965073486137
2025-09-27,465.2345913937878,-0.49266097984971297,7006.223143072199,7470.965073486137
2025-09-28,465.2345913937878,-0.49266097984971297,7006.223143072199,7470.965073486137
2025-09-29,645.6286388372828,-0.47965545950026667,6999.574463023592,7644.7234464013745
2025-09-30,445.8801835873952,-0.47094307766531934,7056.29345354445,7501.70269405418
2025-10-01,440.438921907058,-0.4594417980593925,7036.857413552186,7476.836893661184
2025-10-02,444.1562574665699,-0.48657589358814124,7145.791257988408,7589.46093956139
2025-10-03,448.9573911878117,-0.5044702044911724,7185.614448589086,7634.067369572407
2025-10-04,448.9573911878117,-0.5044702044911724,7185.614448589086,7634.067369572407
2025-10-05,448.9573911878117,-0.5044702044911724,7185.614448589086,7634.067369572407
2025-10-06,452.95218519629327,-0.5120265623262035,7275.812274513193,7728.25243314716
2025-10-07,443.8606498740455,-0.4955193517350596,7105.557833295762,7548.922963818072
2025-10-08,445.84615491163254,-0.4992880016358421,7170.463083148224,7615.80995005822
2025-10-09,1147.7461216097292,-0.5574811165550262,7005.691889484716,8152.880529977891
2025-10-10,1147.7461216097292,-0.5574811165550262,6882.5876841624495,8029.776324655624
2025-10-11,1147.7461216097292,-0.5574811165550262,6882.5876841624495,8029.776324655624
2025-10-12,1147.7461216097292,-0.5574811165550262,6882.5876841624495,8029.776324655624
2025-10-13,763.4208715849704,-0.537371777500448,7335.687712581474,8098.571212388944
2025-10-14,761.5009817361989,-0.5228221279733516,7115.322260217115,7876.300419825341
2025-10-15,764.4270981382251,-0.5233143234435481,7179.19281630346,7943.096600118241
2025-10-16,997.708949818189,-0.523557093554441,6879.782164303859,7876.9675570284935
2025-10-17,744.1087649083693,-0.5071278868077705,6854.245395754844,7597.847032776405
2025-10-18,744.1087649083693,-0.5071278868077705,6854.245395754844,7597.847032776405
2025-10-19,744.1087649083693,-0.5071278868077705,6854.245395754844,7597.847032776405
2025-10-20,803.1778690914039,-0.5138341512545409,6741.736702910773,7544.400737850922
2025-10-21,796.6209981131608,-0.5146996498456546,6716.818387684151,7512.924686147467
2025-10-22,1122.0085170548446,-0.5028126500795326,6249.574600273526,7371.080304678291
2025-10-23,1109.3827559192955,-0.5009759882223265,6410.402505831982,7519.284285763055
2025-10-24,1043.3739468962117,-0.49501108320567183,6468.234895345377,7511.113831158383
2025-10-25,1043.3739468962117,-0.49501108320567183,6468.234895345377,7511.113831158383
2025-10-26,1043.3739468962117,-0.49501108320567183,6468.234895345377,7511.113831158383
2025-10-27,1094.5853312464537,-0.5650498328503325,7417.571608800263,8511.591890213866
2025-10-28,1086.445742423542,-0.5829189247975467,7584.554943301371,8670.417766800116
2025-10-29,1772.6626953622672,-0.5936301252214403,7244.202364261083,9016.271429498129
2025-10-30,549.8160977647557,-0.573780501570764,8699.605844144447,9248.848161407632
2025-10-31,551.2841031384763,-0.5763335805119002,8935.606936769424,9486.314706327388
2025-11-01,551.2841031384763,-0.5763335805119002,8935.606936769424,9486.314706327388
2025-11-02,551.2841031384763,-0.5763335805119002,8935.606936769424,9486.314706327388
2025-11-03,550.4050695781352,-0.5712470472254928,8982.466511015275,9532.300333546184
2025-11-04,546.1861549082496,-0.5651592674380569,8897.121587749858,9442.74258339067
2025-11-05,554.0087603501861,-0.5824385521082466,8984.35481377066,9537.781135568737
2025-11-06,554.1071759189952,-0.5746901879375224,8818.60856420325,9372.141049934307
2025-11-07,565.8855591457732,-0.5812769112352775,8845.339598853001,9410.643881087539
2025-11-08,565.8855591457732,-0.5812769112352775,8845.339598853001,9410.643881087539
2025-11-09,565.8855591457732,-0.5812769112352775,8845.339598853001,9410.643881087539
2025-11-10,462.5681650345517,-0.5887557468242006,9025.335346673593,9487.31475596132
2025-11-11,461.426565623265,-0.583664557588519,9029.802676731035,9490.645577796711
2025-11-12,461.3459660467787,-0.5820870428295976,9049.953132234059,9510.717011238008
2025-11-13,466.2995753430596,-0.5877234247580612,8941.2272099272,9406.939061845502
2025-11-14,458.479962270036,-0.5787259104929896,9093.322154998268,9551.223391357811
2025-11-15,458.479962270036,-0.5787259104929896,9093.322154998268,9551.223391357811
2025-11-16,458.479962270036,-0.5787259104929896,9093.322154998268,9551.223391357811
2025-11-17,326.78771464971487,-0.5804849932496279,9109.532120178663,9435.739349835128
2025-11-18,326.677331750957,-0.5773014797611564,9081.855209361634,9407.95523963283
2025-11-19,1626.6525130527855,-0.5880084815295011,7731.776060032541,9357.840564603797
2025-11-20,369.26845693314135,-0.5738854053890724,8672.405966343273,9041.100537871025
2025-11-21,368.1635287637969,-0.5744840538553057,8621.447735210795,8989.036779920736
2025-11-22,347.07293959522354,-0.5744840538553057,8621.447735210795,8967.946190752164
2025-11-23,347.07293959522354,-0.5744840538553057,8621.447735210795,8967.946190752164
2025-11-24,347.07293959522354,-0.5744840538553057,8737.856407085796,9084.354862627164
2025-11-25,312.815159151215,-0.5780537983485032,8843.85937693893,9156.096482291796
2025-11-26,344.14979205334265,-0.5792345828815436,8952.822290061678,9296.392847532139
2025-11-27,676.2389553380416,-0.5792345828815436,8952.822290061678,9628.482010816839
2025-11-28,1292.5704659072017,-0.5966003524160453,8522.79588610966,9814.769751664446
2025-11-29,1292.5704659072017,-0.5966003524160453,8522.79588610966,9814.769751664446
2025-11-30,1292.5704659072017,-0.5966003524160453,8522.79588610966,9814.769751664446
2025-12-01,752.5445365340079,604.516107323961,8220.864819245617,9577.925463103586
2025-12-02,744.0829601151945,598.1476157482923,8164.903366751247,9507.133942614733
2025-12-03,750.5260259588163,605.8661618938902,8294.833701747179,9651.225889599886
2025-12-04,762.7092813827562,608.0145067993903,8248.02122999309,9618.745018175236
2025-12-05,758.9910921444812,602.1446637681161,8127.162207342299,9488.297963254896
2025-12-06,758.9910921444812,602.1446637681161,8127.162207342299,9488.297963254896
2025-12-07,758.9910921444812,602.1446637681161,8127.162207342299,9488.297963254896
2025-12-08,758.9910921444812,602.1446637681161,8134.948236700207,9496.083992612805
2025-12-09,756.2808871074457,598.3978224893212,8052.069860048849,9406.748569645615
2025-12-10,769.1698078513547,618.2429835730356,8105.777916828521,9493.19070825291
2025-12-11,768.7804601698512,613.4008601905164,8085.516361146518,9467.697681506885
2025-12-12,762.0882136490204,610.1361016339271,8038.047951017298,9410.272266300246
2025-12-13,762.0882136490204,610.1361016339271,8038.047951017298,9410.272266300246
2025-12-14,762.0882136490204,610.1361016339271,8038.047951017298,9410.272266300246
2025-12-15,768.3103834541398,630.8585057979,8074.238377251198,9473.407266503236
2025-12-16,753.9544989302423,628.8543159483049,7971.688270580043,9354.49708545859
2025-12-17,745.0227667232151,623.3590962214197,7910.665621205148,9279.047484149783
2025-12-18,2067.06682791569,630.7635355204338,8139.271015248339,10837.101378684463
2025-12-19,2233.142546989554,628.8362473543086,7714.800935289969,10576.779729633832
2025-12-20,2233.142546989554,628.8362473543086,7714.800935289969,10576.779729633832
2025-12-21,2233.142546989554,628.8362473543086,7714.800935289969,10576.779729633832
2025-12-22,1977.3462720337866,631.6112407071896,7724.545240770165,10333.50275351114
2025-12-23,1799.9966980452534,626.8818778624434,7750.175270006864,10177.053845914561
2025-12-24,1808.2382673002191,630.1370428197232,7789.778818833878,10228.15412895382
2025-12-25,1808.2382673002191,630.1370428197232,7789.778818833878,10228.15412895382
2025-12-26,1826.8911368380454,635.6280766148535,7809.821161768383,10272.340375221282
2025-12-27,1826.8911368380454,635.6280766148535,7809.821161768383,10272.340375221282
2025-12-28,1826.8911368380454,635.6280766148535,7809.821161768383,10272.340375221282
2025-12-29,1938.182815370571,632.5554821778711,7604.887904797869,10175.626202346311
2025-12-30,1747.6658066830762,637.9961917787068,7572.148312770695,9957.810311232479
2025-12-31,1747.6658066830762,637.9961917787068,7559.894354030461,9945.556352492244
2026-01-01,1747.6658066830762,637.9961917787068,7559.894354030461,9945.556352492244
2026-01-02,2187.1167786283277,490.99343708991614,7140.686020735311,9818.796236453556
2026-01-03,1695.1510616415824,490.99343708991614,7140.686020735311,9326.83051946681
2026-01-04,1695.1510616415824,490.99343708991614,7140.686020735311,9326.83051946681
2026-01-05,2451.8871783126688,505.1014052701753,6582.545824377491,9539.534407960335
2026-01-06,1856.0338616328222,486.29676233007507,6508.367451412557,8850.698075375454
2026-01-07,1888.9404614393982,491.1518136530972,6428.831560298595,8808.923835391091
2026-01-08,1842.2254896831505,504.64584341934744,6566.225832000753,8913.09716510325
2026-01-09,1838.4306435038186,504.92163552751066,6590.599200435736,8933.951479467065
2026-01-10,1838.4306435038186,504.92163552751066,6590.599200435736,8933.951479467065
2026-01-11,1838.4306435038186,504.92163552751066,6590.599200435736,8933.951479467065
2026-01-12,314.76004937147707,497.3926518278354,7447.026163690394,8259.178864889707
2026-01-13,316.4355544823311,498.71395763266355,7358.136015472599,8173.285527587594
2026-01-14,292.00242674150184,495.2105877105433,7324.590568831799,8111.803583283844
2026-01-15,290.1279126457223,491.96025110422056,7284.122493068911,8066.210656818854
2026-01-16,294.86552891860066,500.80043780540916,7331.990840399514,8127.656807123524
2026-01-17,294.86552891860066,500.80043780540916,7331.990840399514,8127.656807123524
2026-01-18,294.86552891860066,500.80043780540916,7331.990840399514,8127.656807123524
2026-01-19,162.87421909301605,500.80043780540916,7331.990840399514,7995.6654972979395
2026-01-20,161.126709183849,492.6671828754803,7198.946668099863,7852.740560159193
2026-01-21,163.69448848085256,501.3597539170577,7444.609237975972,8109.6634803738825
2026-01-22,30.887051351409852,502.4887959380364,7564.438283832027,8097.814131121473
2026-01-23,30.88208475060668,507.06778136375885,7571.739275688084,8109.689141802449
2026-01-24,30.88208475060668,507.06778136375885,7571.739275688084,8109.689141802449
2026-01-25,30.88208475060668,507.06778136375885,7571.739275688084,8109.689141802449
2026-01-26,30.886784076339605,514.6286365950302,7622.536995957257,8168.052416628627
2026-01-27,30.885389530804677,515.0754566801027,7812.310344550955,8358.271190761863
2026-01-28,1630.1100334922533,514.1406508558094,6129.7682646364165,8274.01894898448
2026-01-29,1936.5875417043317,521.5627810766575,6111.189899989603,8569.340222770592
2026-01-30,258.63805439222926,513.1672751241158,5992.037663690477,6763.842993206822
2026-01-31,258.63805439222926,513.1672751241158,5992.037663690477,6763.842993206822
2026-02-01,258.63805439222926,513.1672751241158,5992.037663690477,6763.842993206822
2026-02-02,69.58852285720195,512.8761480726612,6108.150344078846,6690.615015008709
2026-02-03,70.21741733591067,524.5552249241588,6054.050599161657,6648.823241421727
2026-02-04,69.84908891114176,517.3420879847843,5947.386779118827,6534.577956014753
2026-02-05,68.59751349611773,495.25641608162175,5634.88042936937,6198.734358947109
2026-02-06,69.2444318401449,505.1018900908301,5800.458191999258,6374.804513930233
2026-02-07,69.2444318401449,505.1018900908301,5800.458191999258,6374.804513930233
2026-02-08,69.2444318401449,505.1018900908301,5800.458191999258,6374.804513930233
2026-02-09,69.68622390784782,914.4983109607452,5967.947090761432,6952.131625630025
2026-02-10,69.39830246473082,900.9896081795148,6020.218390909371,6990.6063015536165
2026-02-11,71.13992402954102,912.9428305053711,5993.7364468383785,6977.8192013732905
2026-02-12,56.242336833778225,623.804655751839,5947.803710936403,6627.850703522021
2026-02-13,56.857634624347305,656.6251715553973,6061.79881345377,6775.281619633514
2026-02-14,56.857634624347305,656.6251715553973,6061.79881345377,6775.281619633514
2026-02-15,56.857634624347305,656.6251715553973,6061.79881345377,6775.281619633514
2026-02-16,56.857634624347305,656.6251715553973,6061.79881345377,6775.281619633514
2026-02-17,56.857634624347305,656.6251715553973,6015.760870948888,6729.243677128632
2026-02-18,373.48868122680415,663.5178614143781,8361.604084282839,9398.61062692402
2026-02-19,373.3693316166102,661.1204646941247,8620.007156194979,9654.496952505713
2026-02-20,372.91602961353425,662.0399450153154,8689.959942746289,9724.91591737514
2026-02-21,372.91602961353425,662.0399450153154,8689.959942746289,9724.91591737514
2026-02-22,372.91602961353425,662.0399450153154,8689.959942746289,9724.91591737514
2026-02-23,375.47359635800666,656.4659762059068,8352.289268685514,9384.228841249427
2026-02-24,374.4239346272275,611.8241076006657,8494.786857857924,9481.034900085817
2026-02-25,372.18619031587656,632.2814391751036,8293.671111233913,9298.138740724893
2026-02-26,878.022946996902,629.2110312956329,8100.875130946357,9608.109109238892
2026-02-27,1282.132868535041,629.6073066981631,7923.771485237605,9835.51166047081
2026-02-28,1282.132868535041,629.6073066981631,7923.771485237605,9835.51166047081
2026-03-01,1282.132868535041,629.6073066981631,7923.771485237605,9835.51166047081
2026-03-02,502.00089131201145,660.0719016184418,8688.985562215481,9851.058355145935
2026-03-03,698.1017664269846,639.6353038429296,8198.759949662219,9536.497019932132
2026-03-04,443.981720277425,641.6568867784339,8409.184241454317,9494.822848510175
2026-03-05,444.7851214663044,651.1896391670567,8336.161035732646,9432.135796366008
2026-03-06,438.8757310039266,641.7764449957006,8338.823101135105,9419.475277134732
2026-03-07,438.8757310039266,641.7764449957006,8338.823101135105,9419.475277134732
2026-03-08,438.8757310039266,641.7764449957006,8338.823101135105,9419.475277134732
2026-03-09,681.0763003644656,399.7718880906668,8375.95819744951,9456.806385904643
2026-03-10,488.0915693488238,497.23146081010384,8533.193930724448,9518.516960883377
2026-03-11,57.97541914898658,493.12037015663986,8762.456127011837,9313.551916317463
2026-03-12,57.83007868295053,489.60004506424985,8417.08744841172,8964.51757215892
2026-03-13,57.65439581284122,483.47695693070415,8170.685837232096,8711.817189975642
2026-03-14,57.65439581284122,483.47695693070415,8170.685837232096,8711.817189975642
2026-03-15,57.65439581284122,483.47695693070415,8170.685837232096,8711.817189975642
2026-03-16,57.658716717939235,483.4936767744884,8194.1050566344,8735.257450126828
2026-03-17,338.7263922403473,482.96241023022384,8338.997819898637,9160.686622369209
2026-03-18,339.16061606336507,483.88861420002854,8313.349568158063,9136.398798421456
2026-03-19,340.4752206378496,486.0265315248966,8416.248719497919,9242.750471660665
2026-03-20,338.51615655053587,479.01421152003024,8174.844688041795,8992.375056112362
2026-03-21,338.51615655053587,479.01421152003024,8174.844688041795,8992.375056112362
2026-03-22,338.51615655053587,479.01421152003024,8174.844688041795,8992.375056112362
2026-03-23,339.73464215547085,481.4908152253287,8422.424001658734,9243.649459039534
2026-03-24,271.3887763465394,481.4908152253287,8369.464189036662,9122.34378060853
2026-03-25,204.19041351442698,481.4908152253287,8485.182165880447,9170.863394620203
2026-03-26,204.67992668679878,481.4908152253287,8333.668579517927,9019.839321430054
2026-03-27,134.06980329025401,481.4908152253287,8197.58472477208,8813.145343287662
2026-03-28,134.06980329025401,481.4908152253287,8197.58472477208,8813.145343287662
